postid,url
1,'https://cdn.chotot.com/PvkpDCjIZUzVTZB7aKcOOq1jYLaoapbrU0wI4wyZOFo/preset:view/plain/bbf3dbbd15445d69fea8dbd6d5806204-2712938348183752229.jpg'
1, 'https://cdn.chotot.com/5ggsuJIj9sSIqojX72ddu-AVD8CE12qG5alLuQ3-EL8/preset:view/plain/0673f692f74f56b62bfd4b309a215c3c-2712938357343741450.jpg'
1, 'https://cdn.chotot.com/3pv6pQ2A5zddDCE7mtUDIhoIRka6ejYou_zPBToX2-w/preset:view/plain/7e94604216470ce7f18fd88578b2de11-2712938373406173383.jpg'
1, 'https://cdn.chotot.com/7JIisUczvgE_kxjD1gbOBUhYU2qLnLa_n1uNoqAVtMM/preset:view/plain/ad90cbbdd43cadc7f88c27513f1ca6c5-2712938383534577546.jpg'
1, 'https://cdn.chotot.com/stD00KDZx8lyp8i1M2QgOVlLRHE0-QN8Qmo0FH3JBpM/preset:view/plain/abdd24f04915a5c84854b701f8cdf292-2712938434492868807.jpg'
2,'https://cdn.chotot.com/6PXfD4eSqVEsqVaDlW9gV0XbftgafQaj9DJVpTpXP4Y/preset:view/plain/deb13b7d2ee7a293aa1495467c4f4c85-2712938161190008750.jpg'
2, 'https://cdn.chotot.com/v2N561mPHLVQ0kz-eoWFzg1AUxZkiqq0FBRWFWAU_7Y/preset:view/plain/c7851a2dc40943c1e1ee0b73d50d282b-2712938180367080483.jpg'
2, 'https://cdn.chotot.com/r7JtFuVxRvN8eSJo0-J8VqSqRIh6I6Tf_ARSes7TZ5E/preset:view/plain/9c6f6cf7b1fbaa281d785b14d8bb5491-2712938202426681543.jpg'
3,'https://cdn.chotot.com/NP4Gj3f1Z4GAFGoAVJJ8cu0Rbr11WtuYTSgFq57Kx0Y/preset:view/plain/0f52bdedaf5be1b7c792b5b043f5c63b-2712214508235159088.jpg'
3, 'https://cdn.chotot.com/9nJAssKoK5bDGCCdz5vWMIzOcmC-U3SI0Io8kOOk6EE/preset:view/plain/358b8a9b9979950ddbf8694abd2cab2d-2712214508249494735.jpg'
3, 'https://cdn.chotot.com/p8InssSr_lgaehteVd0FZH7yo4jkaeAESr8zqCkqd6Y/preset:view/plain/18dcf3398e5174f678bc7989d7b51653-2712214508219957547.jpg'
3, 'https://cdn.chotot.com/-Mj37EAUDMfAzTMtDmvWL4rOa3bmn1DCYGo9KycbuXU/preset:view/plain/bfbb24b7c78e2046d5b4519943ee9d53-2712214508419573738.jpg'
3, 'https://cdn.chotot.com/0w5Z3YUwjJiS-io_7h60tSycfcXWIavtsymowz8fmzk/preset:view/plain/ea1a91fbd9cbb0c3ab0ccb05edb0ea40-2712214508282549172.jpg'
3, 'https://cdn.chotot.com/HgCvrADEXTeWMsmZRWaSomr65Oddqq8Q3Cbhr13dqjk/preset:view/plain/92c7ccc22795f4489d09dba6132be485-2712214508339075818.jpg'
3, 'https://cdn.chotot.com/rldujTRoQseL4KRjn8XRSTI4Lizwyd44KRfBtlD8S_g/preset:view/plain/1f07579a2bfe03f54c57ef24e4d887e2-2712214508257670474.jpg'
3, 'https://cdn.chotot.com/qaq6tgbPTbmU1olmk652sjYOmg3MkRRHJeeLMxNTj54/preset:view/plain/925c9e50a9924b18f817ec341ee26e93-2712214508436451110.jpg'
4,'https://cdn.chotot.com/S2nVHxjdygpzSEwuTJ225VSY9Jim_aLgHtTo43SBK-Y/preset:view/plain/34f9ecdae5bec57167e3b31a0e4cf107-2712937835300825287.jpg'
4, 'https://cdn.chotot.com/4mb-ucpez7sxBqgCVNhOjg26TLrmF634B87kT52zOGM/preset:view/plain/befdc362a66ab3c7456627987c577472-2712937832270657454.jpg'
4, 'https://cdn.chotot.com/n6TKyVwuxbh1KI0cRNVEMfwPQSYnGUiTGsibKc-2ULA/preset:view/plain/4d6b1ef7a36ef8be813bd4c951113e34-2712937833329485273.jpg'
4, 'https://cdn.chotot.com/TwN1hWgpNjRf0KIivanTlfbaMM66iJ2gts_U33oGKb8/preset:view/plain/a714e4096425c3bd1fcd299e9a239cb4-2712937831525820615.jpg'
4, 'https://cdn.chotot.com/SHFgRniZ6ITgpq3SddOzP1iaN3-ZHUysFNE85pwPE00/preset:view/plain/b80d8a7bf2875d58a033690c7103bba0-2712937833461905326.jpg'
4, 'https://cdn.chotot.com/oEnrLuGFeRcqAfvV9gr2Gayn-Abo_6dqDRPeYDokfZQ/preset:view/plain/3f3a034640bcb721ecd36ac510bf1c49-2712937833052612807.jpg'
4, 'https://cdn.chotot.com/Vd4n8rDlb9KiVxwVnLB-Iv6dhwzdnQVT5ZfUtdnlWsA/preset:view/plain/6cf47d690c89cd66faacf1961394854e-2712937858369956039.jpg'
4, 'https://cdn.chotot.com/ZzxiElbS1xlWP1DwbnpS6iXHM6zdrfmrHrbXmeVjE3w/preset:view/plain/de3cc95796fb588e03b405fe58a5813d-2712937833694659966.jpg'
4, 'https://cdn.chotot.com/tp-2cf7eX2FnQ95n8klCKmmjpwNS6wjTvLah9JcUmNc/preset:view/plain/a94f2f3f6209af0e91be0e3f115fbfac-2712937856843163847.jpg'
4, 'https://cdn.chotot.com/-KNqJMucaq-fhXAbNHkBoJodykr9tM6dtNACcOyi9cQ/preset:view/plain/e5f16034642d47986f20f59ef2951339-2712937858208495534.jpg'
4, 'https://cdn.chotot.com/2jceGN50EEcvelhLpIp4w_ndavCI7YhdizHMYeIwHkI/preset:view/plain/608a5a12da22c408589e14216b2647a4-2712937854500665262.jpg'
5,'https://cdn.chotot.com/2KJ6wW38YUk3p0sCVjZ-6uYNlvWpkdyiRBfhAGDgjgM/preset:view/plain/6a9b5533333c4bed5498ca834de7dd3b-2708542745559417717.jpg'
5, 'https://cdn.chotot.com/2Qva5SrBSSNcG2cnaCn7xHaNFUCUFcK2wGLfsOwRuNk/preset:view/plain/8095fdc01cf36e54ac287e3a3bb91cf7-2708542751503308537.jpg'
5, 'https://cdn.chotot.com/ox9IQLaMFTejNHdc2I0cRVn6SGQcVhwGoZmj0VrCutE/preset:view/plain/07240aef7ca2d0a6a14303932dd06ccd-2708542758805087496.jpg'
5, 'https://cdn.chotot.com/xqYbxSkRSqT3ONs155_e8gdW7MxCTHtZweKQROkj5Gg/preset:view/plain/8bfe40cf0dabdce94aed998c84dded3c-2708542764461691653.jpg'
6,'https://cdn.chotot.com/i32erSvTHdNB1T120-jXOQbCTcnKsNcwo4H5rewOLHQ/preset:view/plain/dd622c0e8d67e9a6e8ade3952ee25483-2712937436647351769.jpg'
6, 'https://cdn.chotot.com/BFqM6xZkkufmIBh6VabEDbLFhEMNZGvMpEHlYIb6Wnk/preset:view/plain/23e41446d2927a1d263a13faba90ee30-2712937436264638663.jpg'
6, 'https://cdn.chotot.com/9zLzWd6VlLPqVPS3joE3Rqaihwky4HUItWRExABLttQ/preset:view/plain/bc3b8462bbaf4b0de539dc6b81a9c217-2712937437539772615.jpg'
6, 'https://cdn.chotot.com/lKaILS4LuFG-b2EHheSD9WGmmHOjs4mFxdMTXb2lrmk/preset:view/plain/c60c3333aa08ec89311c3843ca7b6383-2712937438054127234.jpg'
6, 'https://cdn.chotot.com/XOFPfJSNUM191-1ZSJb2ZBsA_I8OR97thNPpMnRIbAs/preset:view/plain/128e0a7d04d5c2b4f6cb9d1c216fcd53-2712937438460959779.jpg'
7,'https://cdn.chotot.com/jXuJMtUu7_wvWs_J_p7HJNYsf8dtoUyNmtIj-5er9Bo/preset:view/plain/ae4a22b5c22fad75f92a7475e72a3568-2712647200041114137.jpg'
7, 'https://cdn.chotot.com/YMwqsszhxEVylR9BK3TvBd7_zd6I321qMHKSjvcxyjk/preset:view/plain/b4b9cd043f95acb528dc301e43561982-2712647199441157684.jpg'
7, 'https://cdn.chotot.com/0WbmtITQ8HUJC6QNHTcLkSspFVYRJtMc4mn2L2y-8EY/preset:view/plain/c951c0ad26cb8937366ed92a0d9653ae-2712647200026730647.jpg'
7, 'https://cdn.chotot.com/6477sn5CagfPr0KezkK63eHFvw5kQhqTdzj6uLv3XL4/preset:view/plain/d8a1c13300143a5247aedae2ade49ca5-2712647202545008180.jpg'
8,'https://cdn.chotot.com/84csVOp39Ngu_d7Dgdd5l9Jdwx-SbKs9q6MiE9yobfc/preset:view/plain/19a461beda67fb54f42ccdfa7953f2e5-2712792148999443680.jpg'
8, 'https://cdn.chotot.com/0pntEY5dkgNolwC4cQHvEBjhPVH_90MPjQ-72A24oAs/preset:view/plain/215cee354d5ae148d5012a61c1aad1ec-2712792175373817056.jpg'
8, 'https://cdn.chotot.com/yYT8mSzVNMbAsJhlOVYCCmtnWP7fI8vVnyHvKzAHQMw/preset:view/plain/e7abed5accabc712cb7dbbf2c710f633-2712792175450021815.jpg'
8, 'https://cdn.chotot.com/OUXCTNTd3ZA54zetgkCDCFnN1Q8NAg82ME2ADJa1dtc/preset:view/plain/e016821a587bf26b3309cd577be639a3-2712792176237927396.jpg'
8, 'https://cdn.chotot.com/ORLi25JgR7Orl232rhD4ONso2QCbfpPCo0pEsazFTP0/preset:view/plain/da858dfc487cd1b71eb2e01d2a1add2d-2712792176408329674.jpg'
8, 'https://cdn.chotot.com/9PVgJzaBDHffYRAHD5Ebz4tHVQggRFWbe0CWhgf4z2Y/preset:view/plain/6c9095bd0b0325b9fb84a338e235cfd3-2712792177252996320.jpg'
8, 'https://cdn.chotot.com/lIwV53JWDUvBmoiT6LVkMaVxBb2haNBhgSqeZ1IZWRQ/preset:view/plain/bb2fdfd8d5e3d6314f5a5db899721193-2712792177364696522.jpg'
8, 'https://cdn.chotot.com/VMd8ewoCoXvh5Io5ihRK72S8dMfHnpuWP03J_bTXPow/preset:view/plain/72e3145ce3280b526637e16476670440-2712792178142254304.jpg'
8, 'https://cdn.chotot.com/zs78wFFFfFmOG2X27_ZjuHKpYpbwnz4NXWPMxlddj9M/preset:view/plain/3948ba8a6935d7c9b6153150c7db8515-2712792178218327991.jpg'
8, 'https://cdn.chotot.com/AJc-eOp6yq-kb46qsezD-yXhYfn81bS6fyh-SoyEpWM/preset:view/plain/741ba58926c432b8f6e72f02f108f7d4-2712792178964403424.jpg'
8, 'https://cdn.chotot.com/JvVrTMk35WY3DKJzRIQXukwelCrosZgOrC7tPFfPmWI/preset:view/plain/686e3d3042f16634dc3bb91ba4937682-2712792179126369738.jpg'
9,'https://cdn.chotot.com/vFgBVlyomf976f0biV9aidc_OKp2GtOC5s-sLG5CRn4/preset:view/plain/88dc203abfc90eb80d0da50ca8855bc9-2712935478425594055.jpg'
9, 'https://cdn.chotot.com/5T6NYCGAJRvxO9x4LQxMZ-i2AL5t04bUx6QOLljCIKM/preset:view/plain/de0d07cf38d536298cd2aabb46a64cee-2712935511527565511.jpg'
9, 'https://cdn.chotot.com/pC7RI6kZE3e_aBV51K4-5hIhCkLhOh2Ez7Q4RxdC0L0/preset:view/plain/9758dba4ab053e1ee9abc2fb8a69a1e2-2712935512844932738.jpg'
10,'https://cdn.chotot.com/UuuD-UQbCyW0_pGKyru-zp2QB2UHlU3MhyPLz8G-Dd4/preset:view/plain/ea26586c649bfcf11c1d89ba8914ee2d-2712936184525924551.jpg'
10, 'https://cdn.chotot.com/_BZaJ_lzYzR5yxNTsLkacRbD1bc4NsbG_lpXwHCxuV4/preset:view/plain/6185cfda05a79c8272bacfd0ad1fe782-2712936184697865476.jpg'
10, 'https://cdn.chotot.com/JcepYam7NOKIPPFdQ1aDeWbXaSzte3sTszicmuj_uAU/preset:view/plain/6eb0e56ff5ec4508897c6a0ec333a264-2712936184604784558.jpg'
10, 'https://cdn.chotot.com/oEhiKpWrkq1VrmTKAcjMYBTrE5pFmVNpJXCYtPkBQtc/preset:view/plain/e923c34f1f7adcacda9d6f320860f170-2712936184995743102.jpg'
10, 'https://cdn.chotot.com/X6ni2uxASnzA2ChekV3bLVaU-4ucmigfewDQG1PtHks/preset:view/plain/f0bc3e5b9e6601b4ad8e23cc5740b039-2712936184862650989.jpg'
10, 'https://cdn.chotot.com/i41ySnlqCTN9o8uPE9-al86fPyLoNnPI9ii2pZVdBrQ/preset:view/plain/f51c125803b8884daaf6f86d07efdd1d-2712936184862951081.jpg'
10, 'https://cdn.chotot.com/g_TRYutcm6ATx0CgDdUPP6oOpbK2CSbkDc0iHrBdhY8/preset:view/plain/ee77076f7a987c8d00ab247695c2a795-2712936184825517698.jpg'
11,'https://cdn.chotot.com/5tVXKS_rLFhAghaiJsRHVlvlF_xnUFirGcm1N0z1q6Q/preset:view/plain/f2064505fa1cbe2d06987496d5175eae-2710029417618294391.jpg'
11, 'https://cdn.chotot.com/hl6H3sfdge4CVd9WN60hmy5c243BBgvcbXTRg6tF89M/preset:view/plain/4e03f96ca2bffa9f62236d5662aa316f-2710029427282730216.jpg'
11, 'https://cdn.chotot.com/WyRi6J88BbT9BiSUVjJuABmOYxfhdEHXCoyJSJNJ6IY/preset:view/plain/6a2089a8a7f97dfd6f4402c9d8595a0f-2710029437441705673.jpg'
11, 'https://cdn.chotot.com/YJ-OyQyYmMmH8WLD2Yokm9vaFuZCaH1Dme5SWoTqbSw/preset:view/plain/f2c0a13b1b5c854975b34cfe61ae6e59-2710029447432054842.jpg'
12,'https://cdn.chotot.com/fGzw_G4I20-wrmuGRlS_XuhkXMZ5ZoQUvO76mxqCJag/preset:view/plain/b3c1cd83aef97cf4e19810c2038311c6-2712933264880019655.jpg'
12, 'https://cdn.chotot.com/i78QWqyIqet6Riry3CunjaRyG8Cjh5ItZMwTDtA1zhM/preset:view/plain/5b95e7e009b14fc8fec85fce99b9204b-2712933265275570657.jpg'
12, 'https://cdn.chotot.com/1lGFU41keVNXOGDiPIW8sflGg6T4u2xvho4r30T7M5s/preset:view/plain/aa745070d70e0fb9ae8f06914b4b30af-2712933265176893937.jpg'
12, 'https://cdn.chotot.com/OpMeOeQBGXyZQvtt0VMV_QLamgJnNvz7QfLN1hMGP60/preset:view/plain/e4b268b392ec8ea2766731d0f3282c8b-2712933265007908146.jpg'
13,'https://cdn.chotot.com/0aOJWMToTCUvuABeYZxfDFUL-eN3xJG8x3HsXpnrxMI/preset:view/plain/7afab2f42ee97e45fb04040598512760-2712935414251563207.jpg'
13, 'https://cdn.chotot.com/c13BtOZmK50Mpu4b16n8T5nitaxMwD9uihJ6T8T48QM/preset:view/plain/c80ae2866b1cd07cd7742110d3e4a77f-2712935414229722585.jpg'
13, 'https://cdn.chotot.com/juhhVw6MruBzlR_Pv-rJycWM8hN6QYi6Me6EGyS6ojU/preset:view/plain/7ab1d602784ed5f1a543745a1003513c-2712935415924286937.jpg'
13, 'https://cdn.chotot.com/giFxejt5vW8josVhKuSzdppB-Ts6wTezo9N_UYGduHc/preset:view/plain/7ddd8d6b1f87a148fb2e3cbd47432ce5-2712935415734597550.jpg'
13, 'https://cdn.chotot.com/CLH2PiG1GWQODEJnAuNQ34CKd7dp_vCMwEFNGxmwz6M/preset:view/plain/85844d9b1422bdfa3606210b6944c4ad-2712935416701167815.jpg'
13, 'https://cdn.chotot.com/eps0REwlPnlosONIwjuKPz4liihjykNbtxn9w5fWZvo/preset:view/plain/989bf4cc68797f5014e93ad4f93c37cb-2712935416875513774.jpg'
13, 'https://cdn.chotot.com/BsBfrBRA8-TcUrcRKvaAkRlZG0RuN429skROCm_Szfc/preset:view/plain/a8bf616e921ba6a95fbdec5712c2a077-2712935417573648583.jpg'
13, 'https://cdn.chotot.com/vGDGGoR5qL57ny2789MYBoDycLiV2mH-g_yIR02ctAk/preset:view/plain/3416c0e2a36389e616b51c26ef4b6c89-2712935417801545346.jpg'
13, 'https://cdn.chotot.com/EPyaC_yljyTdBOfVRWvQW0W-fnW93AXFUcH0JZbcJ5s/preset:view/plain/156e2708187e4ffbbd5724b9150bac80-2712935418446129351.jpg'
14,'https://cdn.chotot.com/dSkgQIk4bKbPy7YA-9qGpThI2gP8xj8AKg77qk9bFWY/preset:view/plain/dfa0a0bc0ab78de9f2d4cb7c66306f5e-2712500834427642572.jpg'
14, 'https://cdn.chotot.com/nwum2fQwPppigqvXCA-M2BiRe_gkj_Gw8fvKZZwH2LY/preset:view/plain/8fc59ca52fb8eb55915317415042afb6-2712500861978360698.jpg'
14, 'https://cdn.chotot.com/PsqKxoYbk0Ao48S3yQQm6G_983yIRyIjfps8ZBaDJMU/preset:view/plain/87f1278c48bc29f981f60b871bda9460-2712500861968762587.jpg'
14, 'https://cdn.chotot.com/qT738Vri1pOSqyXkn7hvUpsFp8bFmqKUY3nMmLLunGE/preset:view/plain/885f0da0b60fba7e594b714f416608d0-2712500861993210417.jpg'
14, 'https://cdn.chotot.com/LuhoG2_qdfLR84Bq30JuFc69uM0UfmkW5ULevzEiyzo/preset:view/plain/d6991b237f1bb0d821bb025677ae2ba3-2712500861976514456.jpg'
15,'https://cdn.chotot.com/EgMTOhGpXw7vMSfEol4Wf6WFgU_KTFFsCpVz804iWp0/preset:view/plain/5538223ea5aa3ac585cdd75e485e0c02-2712935546852742786.jpg'
15, 'https://cdn.chotot.com/By8rWfnqxW-DTKUlR6xBCJ-aToXwphlATEK_ACFRQ9M/preset:view/plain/cb0f6de8498d2d4c9a43eb76b8431fd5-2712935546770646489.jpg'
15, 'https://cdn.chotot.com/_PUbk2YlaA7tNo1YDYxC8WQObZf8bXgT_-cTU6oYV0A/preset:view/plain/4c48b5439e610483a25c5d8b4f828f21-2712935546844929059.jpg'
16,'https://cdn.chotot.com/L96Qeb9LRF-MQkCgcAMfUhFeUMCoG5SR3_DGanq5LOw/preset:view/plain/62b07916c6d8d4394417fa5fd8a92aaa-2712840238879773920.jpg'
16, 'https://cdn.chotot.com/e-uJ22_jrDiqJDp-i367oyxj43P-cRvg_fN2QRk5JyM/preset:view/plain/0f5dca44a85e9dd939432f91ea9290a3-2712840238694174719.jpg'
16, 'https://cdn.chotot.com/sIZs1Fw1m6CkDjj6rkzNz_ubv3dmN5UDywdJse8ead4/preset:view/plain/7e7a9da166c4fdf56b992162a3742aa6-2712840239633764351.jpg'
16, 'https://cdn.chotot.com/84bdfjL7ZeOx5uFBMzFHlFVtzdVLNfz3C3BuxAEpfDo/preset:view/plain/78689533ba78bf1538570433f3df9da3-2712840239668368608.jpg'
16, 'https://cdn.chotot.com/mC0AnljRxQb3S5uuana4LcGWxQggw2cvVIzL6d742L4/preset:view/plain/08720de8d8af11bee3d56b58de472e94-2712840240557626592.jpg'
17,'https://cdn.chotot.com/B80n2IXiSRtWwOoUej2K2VVA4_TziOeP_jXwHgtsE6o/preset:view/plain/431f990335c3d06ecd39a26ad7b02137-2704786629417803750.jpg'
17, 'https://cdn.chotot.com/SFDyXsHjM_UJ-tGsqx3DpZr5eLEldlTT0Y4TFSo-UbM/preset:view/plain/c2e0ff248a472732454acb74af7498e8-2704786682041056570.jpg'
17, 'https://cdn.chotot.com/cStC18TwHmkmCk7KZA9xC0BXuhEbXrWCi1mZm8AVsbs/preset:view/plain/d2a00d6e01b8fca1d6c95ea6c1cc9fd5-2704786701653818682.jpg'
17, 'https://cdn.chotot.com/A4nSxjDAUlISiz-FIk3RLJRk4XTCgqnMCm7MG3d-wf0/preset:view/plain/2b3d82b696fbf89d9b14a3279ef64c28-2704786708849643539.jpg'
17, 'https://cdn.chotot.com/VtQ99_V7P3_UGFBLUTlkhJBYqzTQzTQkMHjwilP3bpk/preset:view/plain/78d271b8ea6c3685df4cf9a4d983926d-2704786716555540317.jpg'
17, 'https://cdn.chotot.com/Jo9dRMU5calVq8CoI1sAlxRom0wKGx39o0PiODfQzn8/preset:view/plain/78f8dbc1f2d853dbb93126eae3d625e3-2704786725528321338.jpg'
17, 'https://cdn.chotot.com/pS0tAnRiMQt3xPQ-_o4NHo1YuahKNooDRWnpRGAN_YE/preset:view/plain/b50858b0b8a6d7bde8fab2f9cb62add8-2704786738464013626.jpg'
18,'https://cdn.chotot.com/brTqyzgjQ9x5pqIwv8V_EGMYbai370wEZnUbttO7g8w/preset:view/plain/992f2fe76d2229ed76587a0a48dd3995-2712933301901792562.jpg'
18, 'https://cdn.chotot.com/RzfoJgcu-Y8vAUt1p__ixFwbxTd734a2G5mMIZgA5KU/preset:view/plain/56187260edf754a9e672d81464628c5d-2712933301975427271.jpg'
18, 'https://cdn.chotot.com/_zjFjSOZFf4IAyBB6lnW914iTzdDjb7demIGxvgbepw/preset:view/plain/53615b36b7fd2cb29e76b5dd533f73f2-2712933302087194242.jpg'
19,'https://cdn.chotot.com/xLiHZVzb-R6CG0VLT0qDlELzryqzq7GoTJW-9bKKoIM/preset:view/plain/d747bd92e80989e7e551fe85168f738c-2712934300157192391.jpg'
19, 'https://cdn.chotot.com/S0r-2PKIr9Bz4xY3e01A0ZICvoFOu6D7_ov3dWaiLmc/preset:view/plain/35757370542b9d1d1f4d7c31ec35c784-2712934308344604871.jpg'
19, 'https://cdn.chotot.com/VGzHI5n2X4mRUgFE5Dhnqtlfk2MjdAJk9z_HB0e45_0/preset:view/plain/c6b67f3de40747371281bde7b0a5048f-2712934313298991150.jpg'
19, 'https://cdn.chotot.com/V3Lf5UQq4KUEligplQxgQmPeHabCNfIziwtKiZzap10/preset:view/plain/e7142f097f83b93e5303d8773c901131-2712934321598998727.jpg'
19, 'https://cdn.chotot.com/8nMihzg8510evbE3Q0YXvoxeCM5nr1jbqRZPLbBHMk8/preset:view/plain/ae5291f3f2e30cc88b4e254b5a0b271a-2712934325793368263.jpg'
19, 'https://cdn.chotot.com/G07NRJ0vUMeZKt7B1AIE9-Y2nzP0cpi0Ye0hxExvJmA/preset:view/plain/a81eaf6fd2ea2a117f14d65aca80f779-2712934336077998279.jpg'
20,'https://cdn.chotot.com/XBbP1gmyEwoMErS6Ryc-Aex5SkXVqiVVmv9FLNV8JfU/preset:view/plain/1e3fc712875c691646394b240ed74ae5-2712933783425165511.jpg'
20, 'https://cdn.chotot.com/-Q7CWLrVjzQ_YE1ipZBQrOi5_se8-H0xNWINd_WjItY/preset:view/plain/f06950cc0f2aae989b46581388517655-2712933820200602081.jpg'
20, 'https://cdn.chotot.com/w5pS4SRXSiV2y098pvFK4iOFBHFGGqRQ5-84a10m2VE/preset:view/plain/80b8252db9587e6a45e9dcc2ff2f45cc-2712933819882973383.jpg'
21,'https://cdn.chotot.com/YmYShpAP3Fv57Ic5dbMRTtheXeE3ywNWYaZE9GPOY_Q/preset:view/plain/99bbd3e20f6e229537392e101cbf2c74-2712857841607410320.jpg'
21, 'https://cdn.chotot.com/gGyBrdrezByQBtO15Zc3imE-MN0lxGAQj3-tW_2iDos/preset:view/plain/bb8c523594b44e70844fb83a2fb61a5f-2712857846311446536.jpg'
21, 'https://cdn.chotot.com/F6QKxSZTv85HZKeBYkk2bowqs0133_GK_PyDcbKLfrY/preset:view/plain/2229c5fe10ffaac701ed9b5bde697b70-2712857850563682506.jpg'
21, 'https://cdn.chotot.com/Z-Akqn-EnXatZRWte1WqcFZtYAZGY3FPQM0SctNMv2U/preset:view/plain/96034fd9dd5f10c147ce2e257cff4b71-2712857855262886369.jpg'
21, 'https://cdn.chotot.com/xEIDX_UnLBVW1cY7AjY4F25cF68dKoeePL9qMUeCeUE/preset:view/plain/2153193fecae1161a1d77be24bdc304d-2712857859098382335.jpg'
21, 'https://cdn.chotot.com/YTAIcg6vVKDvtQBeoTUXiskTVGDGBDNIAWSNOKXAsjs/preset:view/plain/5fdc5b9e6e9244bb0a6df83241f196b9-2712857862386847743.jpg'
22,'https://cdn.chotot.com/J2SFguxzd8SzswRLl4yudoU9PrDvm22ymvdz7Qmo7yE/preset:view/plain/13bab3debf2f923f060a798709435d7c-2712930415867001013.jpg'
22, 'https://cdn.chotot.com/FK_U3f_N3nTrxophPo72Sy0vmYEVW8RfP09INpNWgCM/preset:view/plain/aca729834b0e2d01155d343d9c04c5c4-2712930415613959698.jpg'
22, 'https://cdn.chotot.com/xzQqFiOhU-jxlm1z0R8OWGK4Mnp2v4geYJ1ElOYdh7M/preset:view/plain/a7f5b768a3328a255474c3758a55834c-2712933576222288071.jpg'
23,'https://cdn.chotot.com/823TzUXnAyFcF_j4NN3YmYKWrkyxD16P9vZfG0TwKSI/preset:view/plain/a074f27a079024b6d61bad85c98811f7-2712933549803739633.jpg'
23, 'https://cdn.chotot.com/0o7WMV3D-t1SkvJORoYdYPtb6Cty4rqpUrG-3lRsV8Y/preset:view/plain/8e8711717865fa4602e78de9741b7fa9-2712933549687006681.jpg'
23, 'https://cdn.chotot.com/I8UYDXfKDz32ROnAZrARTKmoGLZjsv5Ta3yT711WLkk/preset:view/plain/32050b70226d376d0cb550466411820a-2712933550822344298.jpg'
24,'https://cdn.chotot.com/FsCcX_i5k_PiIZltyKo9FyRdvTk2LPHSL4lRsGTVQDg/preset:view/plain/54c04b8bd8ad8eed1119f1b96920ad1e-2712919297236432669.jpg'
24, 'https://cdn.chotot.com/acbwK382vcEh_HarzjgFhVoyhAUwkSOOI1n0Y7zIymQ/preset:view/plain/6aec067d746bca63299b562ce10c57fb-2712919298486087489.jpg'
24, 'https://cdn.chotot.com/d3TOoE3UhgMcY-tsNc47jGeVlGIntottRx_lA60p3vc/preset:view/plain/b7d35621b8ce7cdf21551d486fce52a0-2712919299102246804.jpg'
24, 'https://cdn.chotot.com/Jx_UNf8Gv8Oqdh9xoXeznxp0M38IHSo10LGYXO0yzbk/preset:view/plain/232a1960eae8f3d3231d1a684e6cf0e0-2712919300600082241.jpg'
24, 'https://cdn.chotot.com/R4_APpHNJ36PeP-8sEEshN1bcfn6AKMYw7FW4b75lR8/preset:view/plain/f58ae1e425bcb7b3eae0141e15e09d74-2712919301367236500.jpg'
25,'https://cdn.chotot.com/goAzyOZ2B-dt_JTeExIvaxFfHiUBysPIPPN8JkxgYHU/preset:view/plain/07ec41fc0d82c0e8e13786284ccdbbfd-2712933164796841798.jpg'
25, 'https://cdn.chotot.com/rvPs8M6pnMCFg9h9bM8565gsTbp42R1LGsxv3jYgwW8/preset:view/plain/ab6beabef7508fca39fc0c23896f5f45-2712933380746160327.jpg'
25, 'https://cdn.chotot.com/i84_F7lrh16l2yFIxJhfi9bQ_461BfkLSAnjenozikI/preset:view/plain/55e41a389bec5ab2fc64dd5532fb4c1f-2712933393899694279.jpg'
25, 'https://cdn.chotot.com/EcXCEvpCZgPUlwslIeu_1TtCJBZu1fezDxOJpN9OaQU/preset:view/plain/3104a934543af12a6552ef329db61ec7-2712933427488401607.jpg'
25, 'https://cdn.chotot.com/KKH_c1FpeX6JpeSauDJVxMpnOIQ57gTqlOfPL_4zedc/preset:view/plain/f4b79c03d2b077de5902c10d02c03699-2712933460070672583.jpg'
25, 'https://cdn.chotot.com/BmukQmINooJAZdGZE0BEMCqu1gZdYYMzJx9MC965XEQ/preset:view/plain/2d8974fa747f3a76fb9e54e4a5b473a0-2712933472721217735.jpg'
25, 'https://cdn.chotot.com/F78dtxRhG9fOrYj21EeqbaxEyplEMvp2K9wNF-PpMGw/preset:view/plain/45cb983ef23d6edde97040bcd00296b5-2712933485388474567.jpg'
25, 'https://cdn.chotot.com/SNeZufhOFXIvEgqQk71dJyRqebBuq25OM0CniPxjn50/preset:view/plain/aea818f52a0afac4b972e8579cd3ad5c-2712933518526364763.jpg'
25, 'https://cdn.chotot.com/bvGMvWNAiLD3tS7uzHucd2pP5VTZb5VlxveTSfqSwhk/preset:view/plain/2f79473f3c48aa34d141070c6d734cb7-2712933535706213712.jpg'
25, 'https://cdn.chotot.com/oylZmnSdpHS3rPzyatrYcHqLVOYECCae4DaYN89m41I/preset:view/plain/a69d3ead906ad912ce8aad3d7c3decc6-2712933549883163492.jpg'
25, 'https://cdn.chotot.com/cd0txedtgwZ1WYNcCX3AjuQECkPePrC559zM3akafXw/preset:view/plain/b3ce8afc229abf33d6ea8c2a4797fa81-2712933569344686941.jpg'
25, 'https://cdn.chotot.com/yPBWwU7YrhR7ZWc_uJGRBxfTifhi7kqokdjxdJHmTYo/preset:view/plain/3eec04c4dcbe409e95bcd4c20b35520b-2712933581378426498.jpg'
26,'https://cdn.chotot.com/Spm5H2tH-Jyokpk5aUrQwwSA9GXSai3z4y5maEKXeiw/preset:view/plain/8122839e4ba34aa50b7676dfb5f48b1b-2712933705493031111.jpg'
26, 'https://cdn.chotot.com/eQPFJ-lE-1tPG7ocSVAJqr4I5hMxehrh_RbJUhOE2i4/preset:view/plain/492780bc29de2e4ffc1c89feae35e966-2712933705690350974.jpg'
26, 'https://cdn.chotot.com/fp9M14mVgx0BHo8d7vMn7yk0p7dm5g9J5zrsheaLbbA/preset:view/plain/3bf3604c11b4b5ec054578cbac1e3b76-2712933707489585351.jpg'
26, 'https://cdn.chotot.com/0zPkTZaOtbnGOBqkT3Pu4wT8il4Icyz31xsJOZjxno4/preset:view/plain/e328a930c890433cf7f5f6c3baffcbe6-2712933707645281753.jpg'
26, 'https://cdn.chotot.com/lZBCt7jc8r3RWVOObeaXgH3Cf3lQddUqcLL-xUXGmwI/preset:view/plain/f58057b4db8a5e3753764e63a976cc1f-2712933709200926919.jpg'
27,'https://cdn.chotot.com/umWrEeGvNLb2Kv998KqbAlYIxmQq1obGGft3WGcdiO8/preset:view/plain/148426590bbaf9c4398336b5979f5132-2712932486376845182.jpg'
27, 'https://cdn.chotot.com/I_od86fGx_WqwQixpW6mayCRwMo4mhJp1H2j4IficTc/preset:view/plain/5269a2e0a66ff8ef291c914984d352fc-2712932486432598215.jpg'
27, 'https://cdn.chotot.com/w0NVAyJLRNizdIrEwepoUZdkJm-HlTigjPYmgsVjZ3M/preset:view/plain/bf377f20aba06bd854ad4bfb7491b0de-2712932487338633415.jpg'
27, 'https://cdn.chotot.com/0XvkYrVJx6foXxspfhASXWzDGBHpG5P82Qsywp6s4Gc/preset:view/plain/69f2a371dadaaf6f47ec4702e2ac2b03-2712932487382001113.jpg'
27, 'https://cdn.chotot.com/Ks5f284f8Aw1tMm5tPrGUDGgVAxK858HseIpWZFjr5c/preset:view/plain/568c95fc8f7401088dab6f71e142fea7-2712932488359263629.jpg'
27, 'https://cdn.chotot.com/QdzJl0140IlsLmRGAiDh7Nh44uIKdP3Z1n0FyJJ58cA/preset:view/plain/605692928275b7e73fea938a28ce154a-2712932488362109127.jpg'
28,'https://cdn.chotot.com/v03TkVV6cRycf5B9i7k6PU8MbtBguMN2FxllOVxnruo/preset:view/plain/3f91257eacc1341b42f41abc62ef1ec7-2712933083159960049.jpg'
28, 'https://cdn.chotot.com/aRvgNszUNOgiu-EAWuI1RUEZjqbXBwzY_t8RWw1eD7Q/preset:view/plain/07b6698b6ce9ff27d761d55ae015e0e9-2712933083611238214.jpg'
28, 'https://cdn.chotot.com/jHUuGfSKzEogJldVCmQSFH-iz2bowQCYBpwWcpze85Q/preset:view/plain/9a9842a44278f38ec29b402b12ea60a4-2712933437257403229.jpg'
28, 'https://cdn.chotot.com/nt6qVxoGF3chFVgL_iinHPWH__L8LloP8cic8I0Vdsc/preset:view/plain/6eeb2b2cb9a78d9a8682882f25178304-2712933437185894599.jpg'
28, 'https://cdn.chotot.com/ZvcpUMLlHRjaJSTc4PjD9VWEFd-BOveg_kAtyHO_V2M/preset:view/plain/8c4f2320a4145e585fe559335aa2e907-2712933439476950489.jpg'
28, 'https://cdn.chotot.com/haoVcvHfgjGjv7KNUZX0oCiMUeze1FfOAcoWBjlzhLE/preset:view/plain/d8d497aa99acc22e7e5eb3f50805731d-2712933439526540930.jpg'
28, 'https://cdn.chotot.com/L7TtmNyYP0M5bW2OOHQZiHbrEaxyKHyIJsymMaIXnUo/preset:view/plain/4f2319890227c68b34fa927c8a66fcc4-2712933441480992967.jpg'
29,'https://cdn.chotot.com/yKvNXhJ0mYuqJvgyAh3OPp3HN7roYQV6tRBsWU7xpec/preset:view/plain/f3f112f272af01f41e4b1ac474658bc9-2702591762404836934.jpg'
29, 'https://cdn.chotot.com/eomn9ZSzTCmqa8eFBEkwBtexwJVqVlM0zMNI1WPGYV4/preset:view/plain/c7f402011d692b0bb78c40cf82ee0b70-2702591762528839631.jpg'
29, 'https://cdn.chotot.com/V60N9TKZdVtZ52Z6k16HxsCpPbsfoa8nMzLfO59Q-f8/preset:view/plain/703f092542d4818f54e0c933f98d6f74-2702591762438159249.jpg'
29, 'https://cdn.chotot.com/HJ-6obyBxh7m8u4KuvQuse-xZ-BuMTdaCEbbndKxAyY/preset:view/plain/c33e45216b06bc3b81e93047cdaa1f7b-2702591762469074436.jpg'
29, 'https://cdn.chotot.com/NZi-Nc60qus3r6LTAjou5FBcWGfoY4o8exmXG5P143U/preset:view/plain/076e3d48546c9f13cd83018c0a1fba6a-2702591762438395783.jpg'
29, 'https://cdn.chotot.com/qWSIK6PY664hwWTKFZYkWd5zkRUalVNotOJiyI9_9Tw/preset:view/plain/6eb6e71de46c4143907d9ee556e758bb-2702591762573161765.jpg'
29, 'https://cdn.chotot.com/YKjxPPEsMiKhc0egdNxIQFaBELpr3KQPRm1Xdl4ZI7Q/preset:view/plain/67c78cba58e2f62660541249441cfe7e-2702591762393148129.jpg'
30,'https://cdn.chotot.com/vwDri3658OMJlps-CrWmyGDuof4i4QXYAONDOzpCoYQ/preset:view/plain/305c9e879337ab53cb8715c1f155694a-2712932698305059875.jpg'
30, 'https://cdn.chotot.com/k37dZYLlpjT2Kbjpx93aLCEqcKcZi_DJ1BkihVQoygA/preset:view/plain/b3d2b9e173b3611a285ea8f7294ed049-2712932698170929247.jpg'
30, 'https://cdn.chotot.com/xoSGOz-YLCjpCOORWhzLFA3MCNmiRGRZZgG0KITQmvI/preset:view/plain/8a6557f319a2391035919585d1be9c72-2712932697987691657.jpg'
30, 'https://cdn.chotot.com/nPYNdjXZg2WXCa6RScZH7ZKBPGDwgC5iGPpFCN7isX0/preset:view/plain/8f2f39cf35f1c668169bcddef5316721-2712932698212416909.jpg'
30, 'https://cdn.chotot.com/gWD2z0npHvK4eymg3t2g55R1Ok4YCAo6v2VYxKrqRuQ/preset:view/plain/85fe7b4a1b36f8cfa1b01a4433d25b8e-2712932698200245630.jpg'
30, 'https://cdn.chotot.com/bSk0bhfl0VTuCcQIhMx6F5bw-Et8giM_NxDTHqbMsbA/preset:view/plain/4971e97723d9e162b34e9fcfc2ef5005-2712932698221064776.jpg'
30, 'https://cdn.chotot.com/59LHYrTi7du86jzI2xJF82GdWXRSQAjbV7sYcHb8XGw/preset:view/plain/2481fc3063b7be82b2800fabc8c794ef-2712932698087777753.jpg'
30, 'https://cdn.chotot.com/hkP_nFILypkCCdF2u5VA1fAruBD2Xd1WE1_6fY6YglU/preset:view/plain/cdbfd0742288888bcc9e94e4639ee20a-2712932698188093058.jpg'
31,'https://cdn.chotot.com/0Vz6irWarZ9LNbzz8_H102E9ZOJAtdswxcNYB1g5XaQ/preset:view/plain/936160bf9cc63e1ef76860945fad4baf-2707093093203273646.jpg'
31, 'https://cdn.chotot.com/0-BQystmtgNwOv8ASmEMQqPjggPIMHcMMUk94YSGyII/preset:view/plain/8591e8296cc53216ab9cdf47eb26f509-2707093106390558638.jpg'
31, 'https://cdn.chotot.com/xiYvFvmbSPeYT-2ts9AaQqy4jy_VH-e75DMJBtFyTvY/preset:view/plain/b6ec25b0302896904b1cf66e5a3ab724-2707093126436433662.jpg'
31, 'https://cdn.chotot.com/fmP61ELOY1Pey8FtnmOs0_jm0JGHIF_E7ndEwY2WNIE/preset:view/plain/acfe98ce2f8f2d757a4485a9202d8e02-2707093126044363388.jpg'
31, 'https://cdn.chotot.com/yqt5XW7XgO7M1V937tSQTXU77r9NTjwJifcAfvH5Khs/preset:view/plain/18aef99a6db0e9da10600bf862ef4124-2707093126792046510.jpg'
31, 'https://cdn.chotot.com/E1gCyemGhegnLQt_M8UXbwCK63gf84JwkLzylB1jkD4/preset:view/plain/24daf033bad1bfe2ceffa64b5bad798b-2707093127274017651.jpg'
31, 'https://cdn.chotot.com/g4kXbSRgFYBisTPSuVxr4LA2i-nRrctQdMb-y31fsW0/preset:view/plain/7101ada4f87868ac872d069c26ef2a70-2707093140288547452.jpg'
31, 'https://cdn.chotot.com/ugG9col8kgcpnOkSjC_DWT84tTFZObcVW_eLYRppyos/preset:view/plain/e7b837461cc09c8d63ef242fbea86db9-2707093140498985099.jpg'
32,'https://cdn.chotot.com/JqVblmY_GshbBHIHbU1wUw8obEvsdR5o9XB5dg0QyDU/preset:view/plain/48ef35081c53f74467d9841c320cc862-2712932133131035270.jpg'
32, 'https://cdn.chotot.com/851r35GSRi0e7ZCZzJ34CMmC_OrWKbXMHj0DzTD3Zho/preset:view/plain/05934c536f9e3c069b3f207d016eec85-2712932133515322841.jpg'
32, 'https://cdn.chotot.com/tHC7t245nDQvESP9nzqHy2ozuXN0vrJCTJXDeGqbHLU/preset:view/plain/fcd7f7e24a5df3ef5af8b29279f957b1-2712932132728267347.jpg'
32, 'https://cdn.chotot.com/IIOtznVfe8HyfHYu4uRXJxKw6Vb-YSJuqOOCK6yY0hw/preset:view/plain/5fff7eb29a826e44c962c7ff6783051e-2712932131436470918.jpg'
32, 'https://cdn.chotot.com/KIlLEyJRY7uUHrvnQkSgOv14BWS5nzmcGm_1xv765MM/preset:view/plain/9c67fc5d431ca989734a59cf69d25750-2712932131167886124.jpg'
33,'https://cdn.chotot.com/4GQF1wlwt8Gk0JPZfhn7wQ4KOOyM0Cl3YvA_1unnWKo/preset:view/plain/2660c79727eca853de9b7f0dfa38d8e8-2712932353935938917.jpg'
33, 'https://cdn.chotot.com/yG-9tXoxeYXTa6La5wKPZAQZngadRodP0EP251pCqn4/preset:view/plain/cbe776ec9caffb5ba9a56520571f3824-2712932353181430921.jpg'
33, 'https://cdn.chotot.com/eguODv5RlqySOXL1chVbQuW4d4M_tp0x3i2OZw9sxi0/preset:view/plain/45fd6bfaed5cc21ce4ff11161005e921-2712932354087738156.jpg'
33, 'https://cdn.chotot.com/O1L4Y1IKyidLsXsbZx64tYRc2WF0GE7Q3NqZouO0gHk/preset:view/plain/d62f373f92f16a72d4876b53b029eb4b-2712932354945689799.jpg'
33, 'https://cdn.chotot.com/0gkcPTv7m0D7bxA1lxKigYekPxdYk-yatGH6xtbTFRU/preset:view/plain/0ad6253abd8e208f0c495f734c27d9eb-2712932355613886660.jpg'
33, 'https://cdn.chotot.com/FM0HK2iQBIgdcWBJaSL8hsKZnteU9Whjd1HasOHP2WE/preset:view/plain/644ed710eeb7df81a3de766736c9e3cb-2712932356254378183.jpg'
34,'https://cdn.chotot.com/HEVuVIsZbvB79K_BuAKCpZcNw7qRxDydeL-3n7Xwx2Y/preset:view/plain/3ba9f170716d3a49f90d3d1b8e1d7e3e-2710290370053039132.jpg'
34, 'https://cdn.chotot.com/Rd_hYr9N21q-jfhi8d269IlVa9_U-HXX1bl485_nIfI/preset:view/plain/f7ca966bf4d47358f5ebd0210f17c5c5-2710290373154045394.jpg'
34, 'https://cdn.chotot.com/Bd6d4k1FweZWO5wWHfe1UHehXd_xLiPWhPrfNBrBr5Q/preset:view/plain/16a8e90ede74dd27d0a53850fc5dc5dc-2710290369973120575.jpg'
35,'https://cdn.chotot.com/P3O-SZL4jvFBLKRkgAMpywoU4jrDCWkTy3O8pop25jk/preset:view/plain/deaa5adb328487f7900b4547123d5c0d-2712932180677871966.jpg'
35, 'https://cdn.chotot.com/dBkgJdyrd60rbM1BK8_kqmh4VZljFAZFAmroNvy-LM0/preset:view/plain/b81a26c4c79de2531d53ab543afd0c3c-2712932180609706183.jpg'
35, 'https://cdn.chotot.com/D66nd48Vp4wkVspH88E6lW_9IVTVUSkx4Ng0NLWUPew/preset:view/plain/f3b9e72fc40b7a92705a16cd1e002f9b-2712932180630004748.jpg'
36,'https://cdn.chotot.com/QPej8eq-FKgb-lTPN6YwdA-qj3bNJE6fMpz6329eOrY/preset:view/plain/09989e6eb738809a5e360e1c7ec4e242-2712874204900200447.jpg'
36, 'https://cdn.chotot.com/Kw5M-GMbUFEEIw6s9Z7TFqGhoouMhpLer4beDEajVmQ/preset:view/plain/d8bb5b8f0f759de00851065ae38d6e1f-2712874204936653641.jpg'
36, 'https://cdn.chotot.com/KJX5Hp9UbrFgk2C1ISB-_WlhpY4exLPEOQ6fog2grmY/preset:view/plain/9cee33c237ec7c2a6819d26038134fdb-2712874206168711824.jpg'
37,'https://cdn.chotot.com/oWf4LO3i1wpK0UWnY6Qoz2rphbHgFzcdf64FFRUFHUE/preset:view/plain/c85e8d9dd1613a65f418cbde6259984c-2708363805078294056.jpg'
37, 'https://cdn.chotot.com/u0lZ1ioMTMGKkLVtsg66bD_x0oSXWbPyCY8duX8HR7U/preset:view/plain/7e4af4c80c19bb150082aac5e8faee93-2708363818055737467.jpg'
37, 'https://cdn.chotot.com/-2spN32xiB17qni-pKtu9IY4L_QrngdGS1BP0qW-0_U/preset:view/plain/d951fadef4df79657f92f81de489bd37-2708363827258428968.jpg'
38,'https://cdn.chotot.com/NMdFkzVz84gkAb_jFQULqrpNTOAYAyzEF2tgI9PQgeA/preset:view/plain/da9f95888840732cbbfc72b27a6590f4-2712930594294556811.jpg'
38, 'https://cdn.chotot.com/u_-1n0HdLeNd7gwGTmbGQ8AkD-8TvFWwlOs0spOnF7A/preset:view/plain/074e8552cb2598b47e19a7611ad103ca-2712930594137388169.jpg'
38, 'https://cdn.chotot.com/N7c0Xx85pGCgqRa1Jr15qZhel9mnsJmP26r4vxhJqCE/preset:view/plain/d393bb46e05837701e8806e115556cbe-2712930593933797575.jpg'
38, 'https://cdn.chotot.com/3iFhSi4gL4Vj8zDVjXE566TjX_J0jPQz8DOKxhOPWoE/preset:view/plain/a49bc755e8f79e269351fc414ee00a7e-2712930594416715225.jpg'
39,'https://cdn.chotot.com/D8fsgu4u7fjEU7M23qnogz1YnTKS08X47U5TtAnjfeY/preset:view/plain/b2efa3658601c12afc997bef123ff3fe-2712931712476029998.jpg'
39, 'https://cdn.chotot.com/Jxwl2sfS8WKtOzUl9z2mWOE1c68MYsJI751ocAim9v4/preset:view/plain/e6961cc6a7d539f335d4b5504bfe42e8-2712931711937950857.jpg'
39, 'https://cdn.chotot.com/lectHfW5gBHOmnvYS1zSBxoxH_FSPR2CxDNVbncyoZw/preset:view/plain/20675b2103eed21924d27c4d3a9b3e24-2712931711738181279.jpg'
39, 'https://cdn.chotot.com/q6lMt9IYv6-4WfbQ3aEv4HqfYONLpeiGQq3bxiVUpso/preset:view/plain/5e9343739798b8f226edd2996c09dc6e-2712931711666906585.jpg'
39, 'https://cdn.chotot.com/zmBWjE5iSLZyDUhEfH-6yocGQR68Phfx-BqV9DBms1k/preset:view/plain/35f2b01ac3ffaf5af182be4bee894157-2712931711917984283.jpg'
39, 'https://cdn.chotot.com/iWKKOevFp2XMeBAicC2DK10CnlWyMwnj1Gcf2nLffN0/preset:view/plain/8fb2c3798788975b4e8ff8d4b7afc38e-2712931711755118551.jpg'
40,'https://cdn.chotot.com/oVGdo6LowJ8Mq7JXe9BWSk8ukrJD29zuvvSXpwtZifo/preset:view/plain/83a4e2c8b6e8200dd3032e3e35d28564-2712578078510992770.jpg'
40, 'https://cdn.chotot.com/P6c86GK8lHxFlINtJ5plVblpD_UFF4aSXCESxmk6bXE/preset:view/plain/b24faa75c45dee5ae1f3863b23c6250e-2712578087205583090.jpg'
40, 'https://cdn.chotot.com/uJYtCGw219DEVW8XkTfCi_nJlGrhbFgVTv1iNhPYbRY/preset:view/plain/233f70322be1e4e746af56bcb4ccce85-2712578140765414340.jpg'
40, 'https://cdn.chotot.com/50SoBY6jT1gb6k9Is-0zBfsFnuqvsyIDcbnDYcdgrXk/preset:view/plain/6422a2e9d2b463b9e7b9db12aa51b1b1-2712578140815575566.jpg'
40, 'https://cdn.chotot.com/vao8rfROf3ig_U6WQJ1rzLrQcR4WcIQGib-TUfrepQI/preset:view/plain/def0f5e27be2ae2d01066d3059bca951-2712578140735866589.jpg'
40, 'https://cdn.chotot.com/eLQgHZaGMt8EDgrepGN18jKjjZcAYbktYeAfkIajTQ4/preset:view/plain/0354a0de6fe402e51d614fa8289611a9-2712578141004076707.jpg'
40, 'https://cdn.chotot.com/HnDq3v0f2YNZxckRCzbecWuZw1YemL8aYbLFCcEuxEg/preset:view/plain/b4047cc228033571988b42cae4c844fd-2712578140819170187.jpg'
40, 'https://cdn.chotot.com/o9GAym1Mv9dzhJHdcRScjY0krrt6Q6Xiwisn4qQSlYs/preset:view/plain/70479ee327441f899b67c64d4f99382f-2712578140987989702.jpg'
40, 'https://cdn.chotot.com/su7bUig2zguq7adgx3KVvsMkB0WtiOUprO0HSMjTH7Y/preset:view/plain/2f42dacab2850f55373c7d07f544728c-2712578140698429222.jpg'
41,'https://cdn.chotot.com/vAQch3qSs-cp0ZSUZuCOmosijUqonGDKdxHDgYg254Y/preset:view/plain/75bdac137dbde808fc6fe9cbe5fa99b3-2712931068974889568.jpg'
41, 'https://cdn.chotot.com/KQAjRyuT6-h7pwZVrA38XyS-0m-fCKZyGnV1WMHYfcg/preset:view/plain/4c0ccd7ce5a17dc27d7d500667d82383-2712931069544802503.jpg'
41, 'https://cdn.chotot.com/yi1ZwGS7p44Fxe2dX_QkAVKC1PEmhS3yUU2BoJKX0X4/preset:view/plain/d10bb183c1dd2a1e301d5a503634b81b-2712931070952798389.jpg'
41, 'https://cdn.chotot.com/SDbIVOSrFk-pTbmNqS8KCG01Cdm3NRfUVxgH_u74G24/preset:view/plain/5e268d113e39e2494a9641c687d23fa0-2712931070086056475.jpg'
41, 'https://cdn.chotot.com/Q30TcFfoUQaBf4B9wefxUbEIbYIP1Or7EtJLNIdLS_A/preset:view/plain/c0401ebb97d852bfade5a24211555cce-2712931063828089371.jpg'
41, 'https://cdn.chotot.com/MG_5Oj0GMCSKFv96URQXCHST-Mb_7d_P5-6YOVK8HCQ/preset:view/plain/6c11f94cd091134edcb33746263197ed-2712931063808943688.jpg'
41, 'https://cdn.chotot.com/4JWumC67V8Qh1_dLmuNYtQc9McNnNluXeiUVW3GDlrQ/preset:view/plain/151764254253a9f6ecb0b1742453ecbf-2712931063973410997.jpg'
41, 'https://cdn.chotot.com/Jcegrum6lQMc-Ut-WHKu682_W0oUHkAepSr2c21ww88/preset:view/plain/39ac58998b1219609cc94db657b3f9cd-2712931063790598752.jpg'
41, 'https://cdn.chotot.com/opYof530ubzK7zvRp72StID0-DVFJqoh-T9N2SDkwBk/preset:view/plain/91e773ba2ccea06090b84084ccb495fd-2712931063818596904.jpg'
41, 'https://cdn.chotot.com/J1inZey5KKJps6djAcQ2jqoEI52MCxDFcuBPe6h6ytE/preset:view/plain/e641bd6e7613564b01d67fe764fe2d8e-2712931063970702930.jpg'
42,'https://cdn.chotot.com/_lhyUQCbTY94GF_i2KsU4NAWyD9NNSY5oyfOmNJIVd0/preset:view/plain/311cecee370196ce1ff41c667bdaf341-2712930834427311832.jpg'
42, 'https://cdn.chotot.com/dNMx3Wws6u20LV13JoXwhVs_6XZDXVyL0RvC3XBdiJk/preset:view/plain/84a906e1d048993c4d0ece71c92df1aa-2712930833938741856.jpg'
42, 'https://cdn.chotot.com/WQPGg6bAUL7BeEb3Qjia62QHqe8NV9egNndnJCIntf4/preset:view/plain/b9ea3940c4f3f98b91792fcd35db26c5-2712930834189232327.jpg'
43,'https://cdn.chotot.com/QCLkMhlK5bIMPORtGYPuHIT0tSVxP_7nbJhRYGpNqpw/preset:view/plain/9f54463fc71b05638be299f33408b77b-2712931020492801406.jpg'
43, 'https://cdn.chotot.com/LMSLWvgltXhv5kyCUbQaQJIHOC0lZkqP1sbvkc4wUv4/preset:view/plain/a0e54142d76336040ad94f1a431e329e-2712931020633644303.jpg'
43, 'https://cdn.chotot.com/bCyZZXCXD2XKQl3VKbI93mRPSN76n0o7IMz9FOsh_5A/preset:view/plain/e6e07f9fc2021e807648931017a4c88a-2712931020307785177.jpg'
43, 'https://cdn.chotot.com/TzZfF6JVp6bjvyfnPN5-buFV6ENqZZQaXepzVoLi_5s/preset:view/plain/8059205ceae75892ac115c8f6f105fcb-2712931019413748320.jpg'
43, 'https://cdn.chotot.com/M8mfikoMbtL98IqUTF3SqQm_Q3HSNPpeZpaS46AaQpA/preset:view/plain/6588c60999b86f3e0c882dd9d7dc29c0-2712931019882756277.jpg'
44,'https://cdn.chotot.com/Bv-uvDsvo0iDvzedy3rY33aKhyCGqEcpQzGEJ-wgw9g/preset:view/plain/cbac62e3a72871a257fe6d629d6fa823-2707700237761610625.jpg'
44, 'https://cdn.chotot.com/9wMIbNPjCjqdb3aCwr1sQutZDdtfT9aeorAp1Zeo2Ks/preset:view/plain/dfcd54579f08e807c563786883c6aadb-2707700246323962072.jpg'
44, 'https://cdn.chotot.com/hsfWoflVY5tOu9lvD_6pA0Vj-nPyU2qRnwURtOU3dCE/preset:view/plain/a03bac2578781981b616a11ca28a0e35-2707700252168402394.jpg'
45,'https://cdn.chotot.com/wcGoNmaSRaNjYoAxLMP4t4PcklXAyoCyVD195JSXJ9c/preset:view/plain/9bb611487d61ef88385f4cb15e370707-2659515830445922371.jpg'
45, 'https://cdn.chotot.com/Y1FETCS3Er1N3ie6lfU64dKMSeuM2yS5KqybQ83SYRA/preset:view/plain/de9df731dd03cd0c43347c0665929eba-2659515854401858258.jpg'
45, 'https://cdn.chotot.com/2qvClOACya4faeg2fX6lRmmfGmK7iv-olU8CNRNmn5w/preset:view/plain/33de4327455f852461c7308177347e58-2659515967772519122.jpg'
46,'https://cdn.chotot.com/xNuSOWsVuSmGhTDEQPA6ivEslbq1bE7JjWDT2dqh1YM/preset:view/plain/db3f1d936dee5cb6b0029a1d9b13986d-2712929271643429995.jpg'
46, 'https://cdn.chotot.com/DRWQ4DxNZU02UchNLK7aWn2lby-5beEM_S0P61niSOQ/preset:view/plain/f3518f760a98d29121b6adc5c7222d0f-2712929272695400647.jpg'
46, 'https://cdn.chotot.com/9b7u9WyVBZHhDqKqndvxleIVjsyTlXo-0lftOxIgtk4/preset:view/plain/2955bf3fde5f0524518182c2592361c7-2712929271670715529.jpg'
46, 'https://cdn.chotot.com/mHudag5L79R0HQleACNuFGf973-8Rg7xfGCVLwMDIh0/preset:view/plain/3938d1ad01f9c22705132893340a5fa8-2712929272752580094.jpg'
46, 'https://cdn.chotot.com/aSlEEBpY_uCiFcI_-MVe_5mI7-3-Mfbttxi6f-A0UNE/preset:view/plain/ed6a1bbbdd05808cd444d8cd5c5cb4f8-2712929273488880134.jpg'
47,'https://cdn.chotot.com/KJwCr6bS2ueWKZghRaNFO2GqScwJDYOIW_mYVWZ5e-0/preset:view/plain/91420e9199bb57a9996b94bee1ef13b3-2712927869856698056.jpg'
47, 'https://cdn.chotot.com/pqxr5E5DDf1Zry-stCaOomDJNrkGiDv9gFGTGOqehHo/preset:view/plain/761b6040039563eed520fb1face57111-2712927872376341886.jpg'
47, 'https://cdn.chotot.com/ySSOoDR8jkGgGuSvi0hINY1iRVZHoqKguOcBadHNWfE/preset:view/plain/bc1b87e0cc836e6e955b1efc6ca7d937-2712927872332835015.jpg'
47, 'https://cdn.chotot.com/aTWGy1x9hAxwJRPGIVHXRZdYecoWLAvlyLLaQs3_PBI/preset:view/plain/65e1c85074da733272c97913fb2dab36-2712927870654113241.jpg'
47, 'https://cdn.chotot.com/tYw2MFYspRt-DWRSBdTquzSQ1A1nyKAIRd1noG91Rks/preset:view/plain/30a7a87ad958ebce71f1b1bebc61530d-2712927866652599806.jpg'
47, 'https://cdn.chotot.com/x_PjWxQ-D7YZR42rzZhPrli84F0LTANvoD8BePX5nTM/preset:view/plain/83c5eb5244ce848c9bf0a0a33897ee52-2712927829608950850.jpg'
47, 'https://cdn.chotot.com/lSPD5gJeGKI8Ehs55jzk15Sjxe8NilPEyTbEEl5vNZc/preset:view/plain/0208af228e0dba93d98354e819c38c06-2712927825716571202.jpg'
47, 'https://cdn.chotot.com/8pj7ZVBHdtM0sq80ad9iGj7e9qrhSWG82Q4n6rxyJmc/preset:view/plain/d53ce52a54e1ae0e161983479ffe5e94-2712927824684624071.jpg'
48,'https://cdn.chotot.com/hSU5QTbPKqx8neJzKb9hVpAUnZum2q68Vq5Ba800vIs/preset:view/plain/3b236fa0a9bc67cd4f10111b2e7878cf-2712929041692239358.jpg'
48, 'https://cdn.chotot.com/--6nLUBcmO58WSm3C_ZbWX14daGzQ0HDGptoD7A3UVE/preset:view/plain/bb22502e0376a7ab1ae1c461af5c9175-2712929041995490777.jpg'
48, 'https://cdn.chotot.com/6S8rbM3kPMkIkgvOECnmXgdkN8dOzoXTXVxbNUpQqHM/preset:view/plain/7f53cb063a6bb73f20fc9bce907d42ff-2712929041969817799.jpg'
48, 'https://cdn.chotot.com/fxOuqwCbDdZAjTmc7wc9QUNAVlfaCbwbTkLpwU6v6Z0/preset:view/plain/ea68603ef06187a1e6639dbbcd74c5aa-2712929041959577160.jpg'
49,'https://cdn.chotot.com/w6p-RwsddgIyFcGb6IWb1tXH4MV7OfjRUyu9hxc5eVQ/preset:view/plain/fd439c4d59934be70b12f5acbae6fd01-2710976773301229630.jpg'
49, 'https://cdn.chotot.com/xfWecGyDn0bCoMX-RQ7Twbi_xDMcF4NfbjIvFu3i5-I/preset:view/plain/2508e16fd6c7e60de1a4569f3dde33a9-2710976773800719774.jpg'
49, 'https://cdn.chotot.com/PycXhEGDER_CRxV0UdI2EX-i6jB32pkzF6mPMkzabfs/preset:view/plain/594411cec5dc48e23a1d905e8ef68fdb-2710976775309362495.jpg'
49, 'https://cdn.chotot.com/hn-A0T7Dhy-Aw8HaZqQgr8pP5Yb_NBfwEo3716gQLZA/preset:view/plain/ef219d1e095b4ab0c8712dbacc408943-2710976775545615774.jpg'
49, 'https://cdn.chotot.com/s2tmfwSHzv5iKTD13kdxeI-v9uaCcOyYoVWtB6dn9jI/preset:view/plain/d31e94032a8a8d2783e3c542909b476a-2710976777042679870.jpg'
49, 'https://cdn.chotot.com/KOAcZ4lnNIplW6WnQTYHzSiobWwvMUG-YbehN8JlVYU/preset:view/plain/a1606e970d747cd0061801aeace0673b-2710976777426073579.jpg'
50,'https://cdn.chotot.com/BXzKgx1mjPt7a9SDOx9wW7NevYQQW6VASzxEGaxZC3c/preset:view/plain/6518a5df8bc25e96ea1a3534e8f393ac-2712928631656130759.jpg'
50, 'https://cdn.chotot.com/pybWhYqBXoTqCtXjanq0lKalHEkVMsyxSl7IPDh-4w0/preset:view/plain/0eb0aea830ed7f7e05f84290c0e6b1a4-2712928631888766536.jpg'
50, 'https://cdn.chotot.com/EYIF0av5ozSBdBKxEiPyJhHxpQf2y9uACLL9nPv6SS8/preset:view/plain/82654094973744a537466b0667a22fd3-2712928631961292327.jpg'
51,'https://cdn.chotot.com/eleo5i-_sEiTVumZAEYZVcIiTJ9mq_6HOOKPZ3nptk4/preset:view/plain/cb3fabb42655afcb8c2f76f0bfc698b8-2708372340332479066.jpg'
51, 'https://cdn.chotot.com/gG9gX3weOzFlkaouxydHVPsl932HyXN77XPWgJFqqPk/preset:view/plain/59d4882acb19794ac93b7cc3291b98d1-2708372340345749609.jpg'
51, 'https://cdn.chotot.com/jOPnSZJRRTqLNQ3LzNEvsuM_818HcXC9jOdFQxyvvfY/preset:view/plain/0d5e682994697c7135cfd3fd7d41a513-2708372340320156055.jpg'
51, 'https://cdn.chotot.com/qdyQ2GPwZb6Y_qtqSnpIm7c4q-IdunHtF5sUb0o2vZI/preset:view/plain/f16c35bfee71ccc8b526598856943755-2708372340250491288.jpg'
51, 'https://cdn.chotot.com/XU2KPaxxcG516bygtPVu5gz8p7iCsE_WXnB53zQ1hDY/preset:view/plain/3463b7c10a8ec9f49a1cd03a6edf64b2-2708372340533809389.jpg'
51, 'https://cdn.chotot.com/FpSRRWNvQgxp5EYWBVh4rZY74V80Jz6DEsoL97tPhGg/preset:view/plain/d1530c68757f5dd98d2751db638c93f7-2708372340517010237.jpg'
51, 'https://cdn.chotot.com/kVmfHBga8NbwhuUBbN3qGZpZXwTIurVSBtOicoqkPFQ/preset:view/plain/ddec880926fdb98bab0b53024bf68b9f-2708372340315760565.jpg'
51, 'https://cdn.chotot.com/SO08jlKXPLmtNRU8w5N_Z6qa262XEsk7H_KTLYZM87c/preset:view/plain/2227577aab0b2accdd680963be6c4f79-2708372340332439285.jpg'
51, 'https://cdn.chotot.com/G8aINUhPiblf49RSvRVVkaUa7dQONsz7ugP1Ww30m-A/preset:view/plain/8f94f9b078996d8b7cde61dddbef8f7b-2708372340163846267.jpg'
51, 'https://cdn.chotot.com/24elJlSOUwWX6Zz2ENtPgjtYw3_e_Y6dzVmDhQTg1p0/preset:view/plain/74ec1c93c4cd2348f1613085465e5fa1-2708372340343054356.jpg'
51, 'https://cdn.chotot.com/S4qHm2jG4U76YEmUHbJvu-jAda7zJJXvVe9ROqZk8AY/preset:view/plain/4ca45c31b073b55db680738202fc8c22-2708372432913545624.jpg'
51, 'https://cdn.chotot.com/B6W4ajEzRHsK-6P8Epv00p83a8ltLNenmgSjCNKk0ZE/preset:view/plain/dbf11a389f5a3e9da3f9cf6fec87d56e-2708372466208543154.jpg'
52,'https://cdn.chotot.com/Oz29dIskE0v3cuA-Xz8c-RpTEE6BKYPJk96D75Xynp0/preset:view/plain/7900f7a70061abdb21998279bd062b4f-2712928489037069316.jpg'
52, 'https://cdn.chotot.com/4OeVKHu33Kqz4zEcSoBbKXkzANBbIWJR3ncZUoQOSM4/preset:view/plain/9356dfe6398c93a8c025fcc45caf5e6c-2712928489069572736.jpg'
52, 'https://cdn.chotot.com/f93159xce7k8gG1hleiZefXEdjcmgJouLtu9uMH3SFI/preset:view/plain/fa61a3ca4783d2fc099feee933f1f476-2712928487712105982.jpg'
52, 'https://cdn.chotot.com/f5EAMJSxc6_4LhMR96I8qZRvw3U3Coy91EI8AeaUWGc/preset:view/plain/3e6a1c7e9317f87cbc6405290118ea82-2712928487821912263.jpg'
53,'https://cdn.chotot.com/8gTDcHLITHtlGAv6u75t8pxeymtlxPqqnr6NsWndzck/preset:view/plain/6fb97f6ca8829febe2868c8f7125e188-2712928486364973595.jpg'
53, 'https://cdn.chotot.com/r1zYB6cxnw0f0HDA-RjVjvWSrkMixhygANzI-2InE2E/preset:view/plain/29200d9573d6d2ca0cfe1ed217f2d8bc-2712928486235645438.jpg'
53, 'https://cdn.chotot.com/1lEV9agserge665mQXzElmQrH86juIYd9AHvF38tcUA/preset:view/plain/1cc0399708a141f30e953f57c533dbc2-2712928486328674503.jpg'
53, 'https://cdn.chotot.com/ow_T0KJVxwNakQQMi1Bcw74LCryJBHf8Npp4w6-C7g8/preset:view/plain/0851334c01bee91c5bee033410949a14-2712928486630712904.jpg'
53, 'https://cdn.chotot.com/hP5Ult6d_GuXRed8bbBu6q7aTHyWt6drN4XYsbU6Lkg/preset:view/plain/0a9bf92c35fd2a4722a2d47e77b491b4-2712928486251985924.jpg'
53, 'https://cdn.chotot.com/xCs7Hh4u6w1eJ-nReQm4lWf4Xme_jqGkq0ma7Qmctew/preset:property_project_default/plain/1426_facilities_10.jpg'
53, 'https://cdn.chotot.com/D9taA8RTEdCuNh6vIceCHZF-wEuPjSsyFKj_vQZ_sbA/preset:property_project_default/plain/1426_overview_6.jpg'
53, 'https://cdn.chotot.com/yDnlnVojisnNboLCJ27_8ZuGzbACyu1KGhZ0FqBwj6w/preset:property_project_default/plain/1426_overview_1.jpg'
54,'https://cdn.chotot.com/XKPJtfJyMiAkowYtC4TQcfSL4P-PYnYeDAuHLhsozJU/preset:view/plain/c5be8ce5a9cf098032c32b610df8beb5-2712928590349445319.jpg'
54, 'https://cdn.chotot.com/AgcnXWV57Asukj8l8hWUifVbBwW1PHbM3CJWeYSq47A/preset:view/plain/16c35ab1191ebd22bc78584c72ee3230-2712928628274701822.jpg'
54, 'https://cdn.chotot.com/OkZwzHtnhQRi8VSHvTqfOjkMc6naUVtMoDCP77OFPxg/preset:view/plain/9446a629ec093b2b3694dc63bbe88c18-2712928643122931198.jpg'
55,'https://cdn.chotot.com/IaGKaC_UQgttGPGKr5DwCyxVeQRY7BUmgypygtRAK44/preset:view/plain/9da98802d36b8952575257d39a28306c-2712927277205579336.jpg'
55, 'https://cdn.chotot.com/6MKLQK2zon3h-ZDDm6bcNqcBlR-M8tPT3ESTdiAajCg/preset:view/plain/667033931e845ae57d81de10733527dd-2712927276932364455.jpg'
55, 'https://cdn.chotot.com/1gaYCqt90c_wk7z8h4csv8mCP3yb0A6hff8Z7lb2Rwo/preset:view/plain/b64b813f6791275fb6f9bb92e70192f9-2712927276936340990.jpg'
56,'https://cdn.chotot.com/LTrRBdSFnb1eJOq4T5lL6FPRT0sv7f9iqVYjWOG8poM/preset:view/plain/a013d40188d707102ccac76171cc3622-2712927406905206983.jpg'
56, 'https://cdn.chotot.com/4kujLMt0tQ0Yf15mlMrjHLINPIp9TkGeMf7gk1U2-IA/preset:view/plain/2372aae1c80744d1d4d5b07df825b489-2712927407482807806.jpg'
56, 'https://cdn.chotot.com/nQXRN1BvcQ-gGzJKP7MiOopb9LzyFcYqy3G66QMG6FY/preset:view/plain/6ac38dfaad13614e8ec488ca2fc11f73-2712927406660658686.jpg'
57,'https://cdn.chotot.com/nqZx0vgxIZe0rfi7GGH_AhxHR3nO284vi98N6noE-b4/preset:view/plain/960432dec885fdcd48bb7d8766eabadc-2710025945449072329.jpg'
57, 'https://cdn.chotot.com/j46a6DJHWZSv3FUASoDsKaZUYmBgWBvlR-eFuJiXJNA/preset:view/plain/c39aa8cf7983eefc65d3f6af84858222-2710025945455384490.jpg'
57, 'https://cdn.chotot.com/sCvqLMGsB_6jKLiVKd2g2OIXOrMG4k__Bpn84g1fxR4/preset:view/plain/1bbf3259019aedfcee24bb36c977c84d-2710025984034773032.jpg'
58,'https://cdn.chotot.com/hMaGKCWY6zEsC6CTQdGyfmK1xruDqIkhRhNUa0LUEpo/preset:view/plain/70f04cbebb6d27c515fdc13ca81e6433-2712927333174748670.jpg'
58, 'https://cdn.chotot.com/y49b1gfzK2p0dO0LMvxgNtHO4G7grAKOkQTSc8cbaDY/preset:view/plain/f4a22a2f762e4d6ab0ac546e64486a13-2712927333277787609.jpg'
58, 'https://cdn.chotot.com/xmgQCjRVmVD7WokB9N_s3YaLMA3QOH58mECY7b3jSIg/preset:view/plain/b630848c9cac09e6f96c88c8d800388d-2712927333217970375.jpg'
59,'https://cdn.chotot.com/V1RsLheqSFE4u0hXEKvckT6tjK8jZmqFJnzs9hSkouk/preset:view/plain/5f11a6e877e450080c833f26be655842-2710888545950111925.jpg'
59, 'https://cdn.chotot.com/Wc5rFZ70DGgN7Xp9vraHLxjXC0M7p6GVee3Q28_fvv8/preset:view/plain/ebdf3902edc52977fc5cae4a7cea3fea-2710888547007142069.jpg'
59, 'https://cdn.chotot.com/4G62QVyz2o6RZN7-M5frpMHG5S_lUyLXQNYygSb7qz8/preset:view/plain/2d638070a5e5d1359778dd912ffa69ff-2710888549389698367.jpg'
59, 'https://cdn.chotot.com/eTNwbK1Iq1NPFsW5ZbRzxugTUPU0jkwiDEJerVSy1nw/preset:view/plain/a32e28a8ba57e2d6dbd78c6a55cb4ce3-2710888552812189877.jpg'
59, 'https://cdn.chotot.com/f0MfYrDI5W79HM0N1P4Ze50dj5eSgVkmS6hAN7dnUNU/preset:view/plain/cee6df9b048cbc39277b98f22eef0b10-2710888554091147735.jpg'
60,'https://cdn.chotot.com/hhs6USyHcgTKHTqohShBrmVwdHWDYtVBeEBnCADjMbE/preset:view/plain/0f5631d263af96330c3113e9e48da135-2712926580343137864.jpg'
60, 'https://cdn.chotot.com/RVkARm3Fj4vRldLVw2JoUQq0YdvPhzxaUXQwtmtREdg/preset:view/plain/fe9237025cd7c8623a93cab573b37262-2712926579867297991.jpg'
60, 'https://cdn.chotot.com/PQy8vmep_-7BomICcTmLxpMZp96lG8nrVajzUELOwL0/preset:view/plain/cae518a4a5909db5f92970ee8bcdda79-2712926579740911102.jpg'
61,'https://cdn.chotot.com/Mbt-r5eU9eDfMCLNG0fExtQqQaGobNZ1JXs5Z5cE0uA/preset:view/plain/cf2a5bbe38eab0eb601c5facf2974f02-2712637025261223594.jpg'
61, 'https://cdn.chotot.com/Py2G5yO9EXOQXKAwkgu3iuG6HNJqJCihEkwcjYYTHNc/preset:view/plain/d5424e53943d3a947df43c64f69838df-2712637034140073524.jpg'
61, 'https://cdn.chotot.com/u0FWbIlnTEHcMj_I1S3vcOR8JEhremH03jw0Yt4Y8EI/preset:view/plain/ba835356666013651075bc881f7c5ef8-2712637030801342004.jpg'
62,'https://cdn.chotot.com/BNMa9gv-SApFMIvTc7BipbTC-8qySuwH9TZUNtEAz74/preset:view/plain/a34f3539fc82a1ce8d8b1a2118a322ff-2712278711526135823.jpg'
62, 'https://cdn.chotot.com/CVnEzHeqZ-6t-d9DAnETyMQyJx3ZCSVHMhBUt_FR6Hc/preset:view/plain/3a64722fae930e33a467c0b24e2d51e9-2712278848725072127.jpg'
62, 'https://cdn.chotot.com/coMCWLePaUlabBTo7NUXwaBbhbGoXdS52WGx3RBu6yo/preset:view/plain/2990dab8f65c7bc7ebb444c9e7c72db6-2712278853118467089.jpg'
62, 'https://cdn.chotot.com/6bPxAHK6VK9mF5Y9NgffDsbI-jSADjKocSaavlqEAGM/preset:view/plain/5dc9d04548bbefdb67d89a78b7e92cf0-2712278860184369407.jpg'
62, 'https://cdn.chotot.com/pigEuBaIQ2JwInsxRrkYin7tc3XpCAU33cLl_l-_MVU/preset:view/plain/a146cb01e4b6d70467d5b6dfa76366c4-2712278860246503691.jpg'
62, 'https://cdn.chotot.com/AwlbhJH7nZq2gAK12tckaRFaM9bBzMJnF-vyEeAinKs/preset:view/plain/870300eb1dc0d8bc4c284fef46dc59a4-2712278865112027403.jpg'
63,'https://cdn.chotot.com/VktAJhPkLtkFsVG2IOUHYL6GbIeY1Gf5IF-k382HYKU/preset:view/plain/6d50cfadb0b66b8727efaf3d787309d4-2712926732393425095.jpg'
63, 'https://cdn.chotot.com/nzw_vkpqUfUG9AhkGsulqd2h8rFv1cqLn01rmm1k74c/preset:view/plain/e17191e4bfefe2a5743d552a2a879702-2712926731847607806.jpg'
63, 'https://cdn.chotot.com/nupHf4vffJejx4ExfiSNG3pQg8qAyUPZPk2qB1UNud8/preset:view/plain/4b15c4d2ae84a9d90e84d1fbadde3eda-2712926732038465675.jpg'
64,'https://cdn.chotot.com/miEI84oxMU_TVfUvEw3qQzaj8csxLoHzI2zmCD-xtKE/preset:view/plain/af6f1025467071b9890b08fa05ee1764-2712926542461150718.jpg'
64, 'https://cdn.chotot.com/p63tvpQFiozxbTrqLQjslIb_fS_abfLoyPP2kcd45vg/preset:view/plain/1a692918cd83c35debb2cb59ac9946d3-2712926564213893319.jpg'
64, 'https://cdn.chotot.com/2A8Vp1YaPT8nrYPOYIMca0vyQ6wMSpVNxZdps1fiPpA/preset:view/plain/abfb81a8230182f8af5912c979a39f9c-2712926572720072903.jpg'
65,'https://cdn.chotot.com/vC81MoKLau1JgXCCbfnM7qdAWuzutBUMvs0n5H1nIRM/preset:view/plain/e9bf176805d154a08b42facd22c94f80-2712924676832708431.jpg'
65, 'https://cdn.chotot.com/SAxVkDvPe3P8BA8nMvsKjTWJjX3WiM-T7I5EvLeNtFY/preset:view/plain/74b495fd264bc02b83754f1fe0daccae-2712924676815935303.jpg'
65, 'https://cdn.chotot.com/wDOZGb55_K8ChnrTIiziVx_Q0_4YrwCEhBzuoWn_ltk/preset:view/plain/489495f174a11ce30f205f2b63246424-2712924674530388167.jpg'
66,'https://cdn.chotot.com/fC-ra9yC5Eu7lTXk89NYjJ4B3F6_lY2v0l0b1PM1HgU/preset:view/plain/860834cdcb854d89db35eccbd286ed2b-2707848635122869052.jpg'
66, 'https://cdn.chotot.com/Wv8NHSwKFvmw5rEVbpb8Uyh1oNoRXCKAIcFCx8kTmhQ/preset:view/plain/774b621c1e3affe8e0f3ccf5a296cb36-2707848635189778847.jpg'
66, 'https://cdn.chotot.com/XMw77Ajz_1Fin5ze45DsmCkOZ_zNmaWMKDTAmYQgPVk/preset:view/plain/a5eba706c5a611b7c97c403b124765e8-2707848634485750739.jpg'
67,'https://cdn.chotot.com/0idcwfj-ta5gluMcjwFAtz6Tcw5yJ-2p6jbgz3O4Yu8/preset:view/plain/2047bce7b20ae466a0cc06290e0082d0-2712925963847991817.jpg'
67, 'https://cdn.chotot.com/_EMc6K6QIkNpZP6CSJYmjmDbWUQgUV2J4NJdcfmOVNw/preset:view/plain/5bcbf66720427ee04c1d9b12a05848b6-2712925971402401278.jpg'
67, 'https://cdn.chotot.com/GkPA3tOUBNPrQ6F2M9FZ_Wa3h0QHYeEpSKl97wHHl-4/preset:view/plain/3afc59e24283a60edc5a88f66b249bda-2712925989908063742.jpg'
68,'https://cdn.chotot.com/sjMkIGC-MQ6qsvpU_Rs1S2TXLWl3T_uZoV6ifWM5UTg/preset:view/plain/389d83ae6c18af2f853747bb6a674b6a-2712924974532176071.jpg'
68, 'https://cdn.chotot.com/mO_exXDhAhB86HLtFrKQflTY8l8JjEuE6_IZE-mQJbY/preset:view/plain/9f73a13b724fc0d63b22c982fe6039f0-2712924979938747976.jpg'
68, 'https://cdn.chotot.com/tscYQlfzuH3UFzkcNgXqKlhd63f0ZR7P9CEAD2gZ-Dg/preset:view/plain/e207f5f45c34f744987e1d999275f49e-2712924986649699912.jpg'
68, 'https://cdn.chotot.com/LPlRFIsVGEcuNc7Cc3ytDdsdmliImQpPf5lBOVdlEx0/preset:view/plain/2a6620a8d4f85a75ed6521dbb0772fe5-2712924991861369957.jpg'
68, 'https://cdn.chotot.com/Q2fvSyYAGnmWUIMurJ3latwR6XBWtdDorwsfmCn1jkU/preset:view/plain/31cac229add78f207f6494cfd849c08d-2712924999740564990.jpg'
68, 'https://cdn.chotot.com/nVYm2UF9cp1N0OVeiUxlCm-Rmqlng-IOToXo1YRYg7w/preset:view/plain/eb80e2463500626fce20e41e1db757e8-2712925005402974407.jpg'
68, 'https://cdn.chotot.com/THpMy_BPvplcBtuWTPRPvGSb20Wc_ucpfCEHRkkdrBk/preset:view/plain/436cad6a398224ae0841924644a5a144-2712925015094943635.jpg'
69,'https://cdn.chotot.com/ASmoPYczaeMyCONn0OY4LxrylPtUav_gNug83q2mIz0/preset:view/plain/d797524d6d67f51531324bd814ac7f49-2711989230221140156.jpg'
69, 'https://cdn.chotot.com/Qu1M5TTbXPKQHSdb6h3opTEXWyY6cBHdHjcTteXND8Q/preset:view/plain/55b961d88cf1bd816c0aae0a8962fd78-2711989239952318652.jpg'
69, 'https://cdn.chotot.com/3GCfc5t5PDQ7ZQhfn01DbvZtsQ8_xcruK9VooiOx8rk/preset:view/plain/05e39c9b11270d220aaedbd4776c0ad4-2711989254587064530.jpg'
69, 'https://cdn.chotot.com/4aWaGbJ_lRt93_M3xTfsCbxC7WL2xSiWSrBD5XPa6J4/preset:view/plain/7676e540062283535ae77ba5de18422a-2711989272928278843.jpg'
70,'https://cdn.chotot.com/yApfpp_TxWQcIRsvDbJd1g-pnLb2OlFC8xhDlCT3AQA/preset:view/plain/db59434e5b1a78ff1426a731269597ca-2710533680319366490.jpg'
70, 'https://cdn.chotot.com/Ss47pImAMZWl5asTU0hphWdTPEhH_u58M2uzmlabLvQ/preset:view/plain/a5357024a60b651b6b640666a0910533-2710533680195727330.jpg'
70, 'https://cdn.chotot.com/l-37LBSRTx-YLLaTGrqHg4ku72JRPDJfkgWMyYmQOco/preset:view/plain/98c6812d050555572709ddd3c5638cc8-2710533682153179442.jpg'
70, 'https://cdn.chotot.com/gw3DXrIfYkuBYgSGxpjbpFCDJFKmI1Mg_rQUa9wo39g/preset:view/plain/3150b8c578d841815151f363edd8fcb5-2710533681883545951.jpg'
70, 'https://cdn.chotot.com/4rxdAfAiKdLLFN30LSxODcfdd9KMKVlW-R6lH-88l3Y/preset:view/plain/03bf97a441c36eb27615d6577df53c8d-2710533683534589922.jpg'
70, 'https://cdn.chotot.com/gkSe3w_lsYIMCprTvmt2at-ECG78J9T-KziehnQw6go/preset:view/plain/7742fdc27e98c150b7bde17d74bb58e6-2710533683947209055.jpg'
70, 'https://cdn.chotot.com/b01nP7HmdgXUGAVrKWfNA8rA4oUvULkezPIP4umY9UY/preset:view/plain/5818cd9d7a0563f10fc5155da76b2143-2710533684842064267.jpg'
70, 'https://cdn.chotot.com/qYXfPyX68hcVHUcnNxJGGan_8BiuuCSuy86NqoYt9Bk/preset:view/plain/221649ed226150ed4016d120eeb6b8d2-2710533685136697082.jpg'
70, 'https://cdn.chotot.com/vmLNbnT5vsV0dKBh9jMjqzzGjQDuKi8lBXEX46HRjzk/preset:view/plain/f2970435e9a0fb7cbb4975d638952466-2710533686107768154.jpg'
70, 'https://cdn.chotot.com/tZt6rQw79uenekH7ZSaGPCX14aNa-Dz3k0eMKtfZv6E/preset:view/plain/5ab0fc01170f96956445b3b51a57efa1-2710533686242308539.jpg'
70, 'https://cdn.chotot.com/0qUHWV0lAeJ4z4GJcwn4MxUpCK_zp8kYo-MK69858I0/preset:view/plain/25bbd6f2d32800fca0da74ff6d99b24a-2710533687332570458.jpg'
70, 'https://cdn.chotot.com/XUhyeT7iBer1_4OOBAHy-MvR6XaUqCRhQDaMrZTCCMU/preset:view/plain/d8348c551167f8f63fb6b1310c7be7ca-2710533712336369907.jpg'
71,'https://cdn.chotot.com/H_DUPjukNZAK_3RcnPcmsnnnHP75fwwFNk7ctxG2Lcc/preset:view/plain/f1ae77997d9417124419aa98bfe8aad8-2712273276470631441.jpg'
71, 'https://cdn.chotot.com/LTkEKIMd4D1QdPvbw8H-2fVJatFX475RBTyfaaOzDEk/preset:view/plain/40bfb3d1ef41db171ee200931ff0a486-2712273276434787620.jpg'
71, 'https://cdn.chotot.com/n5mHxvLZMbaiqQ_azPUt1maYr76o52ju68GvUT0whN8/preset:view/plain/bd9adca82734d127aa031e5da788ba50-2712273277815978653.jpg'
72,'https://cdn.chotot.com/H1pKf4HXfZhBCgfxOwkHZLgjtEcgOlzfwPeLEJB7-e8/preset:view/plain/c97758e2c340ed70707b91b2265691e8-2712779619229244472.jpg'
72, 'https://cdn.chotot.com/XcogjiwSx6rL029YT8mEyks6xTYjzxZXo1xJn_boVvQ/preset:view/plain/7bbdd46d71d210ae44e71e6746c63e14-2712779619000099597.jpg'
72, 'https://cdn.chotot.com/L7yBg5yTTjlPi-OO0bD0MCQrDKni0t_-1FHWVfI5Y5U/preset:view/plain/81d515528d61d84db290477bd86bb460-2712779620224901901.jpg'
72, 'https://cdn.chotot.com/i4t9qYQduaYtYhX-an6yVJNVtTY5kep9G7F-lU7v3wg/preset:view/plain/a058943b9f10a90305cc09bad2266dce-2712779620443165858.jpg'
72, 'https://cdn.chotot.com/JwKhBjB9awqP_UcqhS-7en768O8uQFXESd9iIeao7U8/preset:view/plain/d894fac5f0171557dcc649aa1c5c16b6-2712779621550367501.jpg'
72, 'https://cdn.chotot.com/It_JiVeBJRGDf3LMpqxKv0vpnwFaUZCVXRSCsC4S8pk/preset:view/plain/0fc2bb7123614824e5b1327693564b05-2712779621644615720.jpg'
73,'https://cdn.chotot.com/Rrc7DJYQaFYSZmC4Lpo0fg4iGDTnhFTlzIiRkKTlhMQ/preset:view/plain/22c7f8ed3aadb1bf6ff007563cc4eb00-2708711646191566214.jpg'
73, 'https://cdn.chotot.com/Cwa3Nv6NAuvKZY8GJ3Ea2MgYEcW4tN8PBdgt8CkxQJU/preset:view/plain/2afd8e1ab24b3dbfc4b9310448d35919-2708711694017576704.jpg'
73, 'https://cdn.chotot.com/di3oUMqSC_BT3LzQcQjFdBUw4EQvCGPR0tDFwPoGdRg/preset:view/plain/3509a499aa69cc2768ed29ae5b8f197e-2708711732304166656.jpg'
74,'https://cdn.chotot.com/rncdkUqPzTIY92z5DIFtNrGgdpShug_Zg686lK_bph4/preset:view/plain/3bc0d13e53a69646f8f3452eac3de7d4-2712338007486336090.jpg'
74, 'https://cdn.chotot.com/DUCe5YW8sOuR-thTo_IfT_hHV3H2RuQjqXsK3_j2PMU/preset:view/plain/6bf85f35c002c6163b8ec3a20c77515d-2712338011916252122.jpg'
74, 'https://cdn.chotot.com/PcAFFyd1yaNxsunwERm7ilbrDjLmfIftKAHay2FEfNA/preset:view/plain/f97a287b1b1e62d1d4e8388da06b7597-2712338022476781618.jpg'
74, 'https://cdn.chotot.com/XMMCpEHO2_t-aqvzv0YzWKnLr1d5yA4DLmz3mizkM24/preset:view/plain/50c13d0634aac0497e56ffb93551b961-2712338022495644236.jpg'
75,'https://cdn.chotot.com/88fnGUs-ji-boe8ilWIWC5A11nF33Ns6KA26geH2xjU/preset:view/plain/ae6ab5b83eb89fe001355ec640744dcf-2710531648824199474.jpg'
75, 'https://cdn.chotot.com/OGsT39CojxuFMVtjXenQjTm43Xourq3N97DKkSOi1tw/preset:view/plain/0110085d7496144d4a019f81159bc7ec-2710531648731535670.jpg'
75, 'https://cdn.chotot.com/OttSZkj81doPI_5ddO32OYjpzF57fUUgJKwpp_2wP1Y/preset:view/plain/566ed73a42ad8d71f122b57d823a3d24-2710531649643970911.jpg'
75, 'https://cdn.chotot.com/Sx9Q7-rjw3hci6TPwPUMumIzfE5fLzLL4JR2CzssYMM/preset:view/plain/c8c25fe6bb3085c05e7b3cb79d70417f-2710531649666445282.jpg'
76,'https://cdn.chotot.com/2IsToF8pVY8PE9GZRRO8wCt9tnvrQNKPPermtN78m6M/preset:view/plain/4af09b3becf1face6736f6e7a4873a44-2712888891802632651.jpg'
76, 'https://cdn.chotot.com/5UriF-mX1WJtSso-pIS_QASBfRZAPk2LeDzJW376om0/preset:view/plain/9acb18f6d45d45ef556d6fa4b0646dc1-2712888887900799632.jpg'
76, 'https://cdn.chotot.com/4X0rFTONC62iM276_QaoFtdJFzfUjDbWi3XibiwHwAw/preset:view/plain/86e8a8145630f29ac0528914dba20740-2712888887476169468.jpg'
76, 'https://cdn.chotot.com/3v3hLiMazqcN_8V89L4YXUhR7pQsaOe69TFQlA3ryiU/preset:view/plain/77f80346660fdf4a1b97385494e606d6-2712888903361764514.jpg'
76, 'https://cdn.chotot.com/G0XbVspNFJenaMytc-gUsZWC9gRHVUW2-lLu8MK3tUg/preset:view/plain/13326f5fa6e3bef3b44d1f0c84ed56da-2712888935694366166.jpg'
76, 'https://cdn.chotot.com/CFxBl75G54jyg93PEzffAp9FT3Z-c11sbaRTkTu-4ss/preset:view/plain/67e171a4d015dabdf2c4908214d92566-2712888892492909025.jpg'
76, 'https://cdn.chotot.com/5XcCbnNDbJRyc3SACcIeqc2_IZKYIykcl7VRF_IKjxM/preset:view/plain/a19b429be85925b0df9b3cc6e6a0bf58-2712888908902445572.jpg'
77,'https://cdn.chotot.com/3m-Z8CIrbgJ0ULa2JEaN5GF5kEpwnT7fzv8XiBvpcRg/preset:view/plain/3a8c1ca62dbb06d3a691f7e72520b57e-2712867327748314336.jpg'
77, 'https://cdn.chotot.com/pupY5WxStL1VkGfi8gIhI_vkUjI2YzvgXSk4sv8DTBk/preset:view/plain/f222beb356b371e05e6dd9eaee1f5bfc-2712867327761846245.jpg'
77, 'https://cdn.chotot.com/05HEKBO5unlkMMD4UmCjf8SbzOio2WLC0rw09BiqI6M/preset:view/plain/eaaf681b1a78e4e9ef830f6244d9eea2-2712867327646301876.jpg'
77, 'https://cdn.chotot.com/clVYdE2f1RLgjfK_6OMHuyB1vvs4P7dLiXEJ40b__J4/preset:view/plain/bc14fef04065a31a65eef09b040b16a8-2712867327700468368.jpg'
77, 'https://cdn.chotot.com/PYeUkcNJkW93K_KmooSQjyLUc7ewqBeI5sxXjsXJ_5I/preset:view/plain/68bad8dbc766b236bb41eca26bebb172-2712867328325487073.jpg'
77, 'https://cdn.chotot.com/CeK3mAnQ-q0rWuQLno_OB6CIfvG3JNntteyLufipQds/preset:view/plain/313d1880124b3a815029fea8f6908c9b-2712867407306516488.jpg'
78,'https://cdn.chotot.com/P6dwn3AS5zUgNg93pECZHdMOceEYTebZyiAUcPpxzU0/preset:view/plain/a4a4102ffd48647e3a0a1fcd99d297ac-2709139635483423695.jpg'
78, 'https://cdn.chotot.com/byVv4vOsUeMYjxlerPdvedWoy_QZ6XYZyZuAiTp3MDw/preset:view/plain/338d007f49b13fadc026078c2bf83af0-2709139635570539970.jpg'
78, 'https://cdn.chotot.com/L6FFG95uzH9EgskqZbsQmckTWT86eWH51OwuN2TiMOY/preset:view/plain/edd118711bd62af00d3ec994b32c9e6a-2709139635503046326.jpg'
79,'https://cdn.chotot.com/Nl2OBZWqFvKvSZ6HMuLad1TomdF2W4RydyCL-o9Pq68/preset:view/plain/441295b9ede952775ecddb9a5d159bf5-2712923367024502270.jpg'
79, 'https://cdn.chotot.com/gsOdY6cXLtigKWVKLY0MXNWqaX3LAcgRsX4UZUR40ng/preset:view/plain/4190872f09f8f5b45563bc873db547fc-2712923376596330695.jpg'
79, 'https://cdn.chotot.com/UQ4yqDtnYRp6u467Sf_JGEHdtsxr0VZuuruqHi8Amy4/preset:view/plain/891143bce80ecf5e452901e64b55aaad-2712923381386061310.jpg'
79, 'https://cdn.chotot.com/3RqfbHLAyF3pZBfTyfa_va_aMCy8GBPZYcwriQpOC8g/preset:view/plain/0f452d561a9936aa753cd1d6e6ef5c4f-2712923381378033863.jpg'
79, 'https://cdn.chotot.com/31VdZPntJ638GgmOuxBgISRgV7kSRoPmrsufJF7jaCI/preset:view/plain/5236cf5375cd780f6ce6337d362316af-2712923388298470910.jpg'
79, 'https://cdn.chotot.com/D7_cBzfL25JzLatuSiAJM8MkT7Awraes0ljNF-AawBw/preset:view/plain/171ead2b9bad2b80724e40333e53c8ab-2712923388240046279.jpg'
80,'https://cdn.chotot.com/ClHMMNkqBc80G3w9TpT1o01fEHsOc8wPcOCGJXdgsdA/preset:view/plain/288a82272b12f405e0bda25a3d9d2dc9-2712593089917933518.jpg'
80, 'https://cdn.chotot.com/K1nsUWFBbtL6CvJ_L4nPcK0BGgLEVBT_iad-IryzQfc/preset:view/plain/d39b875cfa8a86105d7349c8a07de91e-2712593089996793500.jpg'
80, 'https://cdn.chotot.com/dzhn_02MVpvTTp3k7FLWZtM989iZ308-M-LsjqXlcYc/preset:view/plain/fcf423fd601e7926b034f4fc25489e5f-2712593091334401878.jpg'
81,'https://cdn.chotot.com/oJCPzigVBFONVjTWlbIHK0FQGU8O19T8f5Rk2MjRM1Q/preset:view/plain/2c3b4460f545976f4500a27291bc13e5-2712923209265661738.jpg'
81, 'https://cdn.chotot.com/cVY9EMqVrW_UUNVaKXoIIUxh338lTqY-chSdmGg06Yk/preset:view/plain/f4fe128babf7427de41cdeb10667ada4-2712923208357388547.jpg'
81, 'https://cdn.chotot.com/oki6py0l1P3mhqSmCyEDDJVt1pNV5GB-mGYba3Jf7eQ/preset:view/plain/4464ecbe5fe91f3a7c373d842c37aabe-2712923200456642271.jpg'
81, 'https://cdn.chotot.com/bbH74NDV2XZYSvaQsdS6QrH2xxm8DuvAveUjy_dGS5E/preset:view/plain/f013884fc1215bcafac83f7d43dfeb5a-2712923209884640766.jpg'
82,'https://cdn.chotot.com/4XFKCUgRJBm6XadmNFza5S-Hj5RvNCrMjz-MlCnxFJ8/preset:view/plain/f4511483193e59169a7ff946c08bf349-2710100829752901890.jpg'
82, 'https://cdn.chotot.com/bXhr6S6KmSBzrzuZ17qhFNkxPqCCEkYfy_Hz2QG5LB4/preset:view/plain/7f2f07e714adf5a57936efde18bc7271-2710100829782872251.jpg'
82, 'https://cdn.chotot.com/iTrWa3G2KC9SjvEU5RDbSXFOt-8b0lWx5o9Bj0u_vsE/preset:view/plain/23e1edc9df2c6b3467b2f69e83e20014-2710100829807971123.jpg'
82, 'https://cdn.chotot.com/1rGDSiSNQPMQ1AJU0-VZ0WmZIkANhSkUcViX8X1u3Vo/preset:view/plain/6a7d34698e0632b99c5e3ad67212d2df-2710100829741122157.jpg'
83,'https://cdn.chotot.com/ceox5PSKaIRLJexMTsmkROR0pggtF32JvgjLxEU9zag/preset:view/plain/9fcf6a3a503cf76433e77a6dd784c203-2711868763248055883.jpg'
83, 'https://cdn.chotot.com/buc_EJ1OHZDKh7HRQJK8yD6TWbavj8RF0hQqE6Eq5XM/preset:view/plain/b3f12c76ab65f3c30ef334634158392f-2711868797695270833.jpg'
83, 'https://cdn.chotot.com/vvZ0ylcQp_udGp9H-uYxP4xY7oLSm71DqsmWOsxYCPs/preset:view/plain/9577eca4aec82d63d30d7e13f4195ded-2711868818211526219.jpg'
83, 'https://cdn.chotot.com/CstuPsLyBs3ukVTe9iKjLNpExZcrR3-h6dqcwMmBJgM/preset:view/plain/7dba5d824ce92a903f37e33a04a66958-2711868890753842310.jpg'
84,'https://cdn.chotot.com/2wE3tOA15qE9p2aB-dDC5_-7CIVT9u_oPbfgl0wItH4/preset:view/plain/74b0ec7572019417351ea02f28e9a3d5-2712922582433111276.jpg'
84, 'https://cdn.chotot.com/RVt2TJ0c2-G41FQW3ldeYnbpSjr01DsIe7SahMycUm8/preset:view/plain/21af1b85c6a4ce7746b8781316fa14bf-2712922601477679303.jpg'
84, 'https://cdn.chotot.com/fOVaYDcOWCWPO-SCYecZOufiMYDJG_EQHt2NgxLpT-s/preset:view/plain/0e8a161a4eeae6677c932c208a09a788-2712922618280885646.jpg'
85,'https://cdn.chotot.com/XVIDk5Go6DTPNyuYabs6owUY8BjYf6ZlCcuNaXeptZE/preset:view/plain/b07c124c68f30593d62fe8b16f8cb5a3-2708875405866920088.jpg'
85, 'https://cdn.chotot.com/vbnjcYn7SQGEhGF05fiaVrnFeLY3wbEHVI2H-jk7tqE/preset:view/plain/d8680e120d49f5459179ab1e4785eb5f-2708875424825370776.jpg'
85, 'https://cdn.chotot.com/TcJ5HKlLTAyq0mSWGvuR9dNi8PUyEH82U-C6w4yTfdQ/preset:view/plain/0feecec4103503bf970cf48d99370a51-2708875431897060307.jpg'
85, 'https://cdn.chotot.com/KKNfZJ8xzZ5Q5AfTP52ntayBAkNzW5f1EltBch9d5Us/preset:view/plain/f727e07e12a43ff8ad9da9cb479ac579-2708875452313037631.jpg'
86,'https://cdn.chotot.com/KbG3pZMYUmhUoNAAN6Wyipa_nMjLS7ddytzHHCyYTzQ/preset:view/plain/d7ee5a0126079e6a7059286de54f9a13-2711858937616455243.jpg'
86, 'https://cdn.chotot.com/XYn4qY9tPWnRNt71qdE6f1r4moUQu5k8R8Fdqffvpao/preset:view/plain/d66be877a8dcfe3231be42b27e4e48d1-2711859020345398031.jpg'
86, 'https://cdn.chotot.com/RjhjXyppvT4Fh8QUUadolYhv0A76de2plP3cXJBYr2s/preset:view/plain/e5238c5a45c6c56e0c06786f420828d8-2711859029296531365.jpg'
87,'https://cdn.chotot.com/VncVVAQMFFmOJ_J59gt2-Dzy5L8r_6vue0maOSuNWbc/preset:view/plain/a2d224c293c7df46dbbd26bc612d6927-2711252278719506942.jpg'
87, 'https://cdn.chotot.com/-oRY4LROwnleb26YH4GAkQhLs11yxViPS3Mg2KLKduw/preset:view/plain/6e0e3923788f2d490d74347c772dddad-2711252339814183906.jpg'
87, 'https://cdn.chotot.com/xo1HuRMpeUKsVqEfMCzuzwDVVs1yTq_tucMxtNBzUzA/preset:view/plain/c36dd7dda0aff664e9fcb93b992c82f2-2711252339597884660.jpg'
87, 'https://cdn.chotot.com/4hQ-R43CAyMHagOy8zvOHuBEywl_EbLaZ_MV1RPteWA/preset:view/plain/499f96961bc2fefddddf0491b9941d49-2711252346778486080.jpg'
88,'https://cdn.chotot.com/0yjMgx885fx5ahkoEj7e1mfiac5z40llPAz4fm5f_4w/preset:view/plain/0636f9ab7dabc868db08aed0dae1245a-2711325497399906955.jpg'
88, 'https://cdn.chotot.com/OQE65vojAUY7rjakx9HkOniYaG08mRSKuxWBO23do7g/preset:view/plain/54a995e6807966ded558df3e56a7a3ad-2711325497535950361.jpg'
88, 'https://cdn.chotot.com/TN4OdtXrM_VV073fMbsFgqpHDw18SnatO7r4y7U1Lw0/preset:view/plain/5b2061b71ad275cce86f701cdb6221b9-2711325497567229023.jpg'
89,'https://cdn.chotot.com/Oz9UMTK9U6XKwIQIvdC0Gp1R-GyeHvMK5PszAWKDgwA/preset:view/plain/a7f0656106ca280d03d38811163267eb-2712869604432138119.jpg'
89, 'https://cdn.chotot.com/kuomVAXaT5HGm4SmBAWMVHlzyAoZRY5F9-GkvQW4zqY/preset:view/plain/ace54e8691a58e815ea8f6bc5c0be95e-2712869605613330634.jpg'
89, 'https://cdn.chotot.com/R10JEOdkraVS0ZjabT_H0MijutdyMYu2l3KGKLImuEc/preset:view/plain/72d343df63213a4a76ba2fd547200bec-2712869606329521376.jpg'
89, 'https://cdn.chotot.com/e8xobmzVGaCaR3JJojm3IDaegf9dw8r346igWuQo-JY/preset:view/plain/445b5c65a11c37a338d5d5978de82e59-2712869607299312508.jpg'
89, 'https://cdn.chotot.com/XuKOo_SsXQ6aXfxHmqSareyMKGtjqarby3BbXX-_l-g/preset:view/plain/cdff3bbd1582ed31669221afe1abb07b-2712869607401067355.jpg'
90,'https://cdn.chotot.com/0_uZoGOI1cdfGfBN4jvTeXCoahEG6XKbC7xwgyd55fI/preset:view/plain/f66e918bea61fbbeb79e6790fa5ad725-2712921098892683481.jpg'
90, 'https://cdn.chotot.com/vREVm_fkRBzrgQdZM0GcKbV289RRecMLN9waZwF6MsU/preset:view/plain/eb54e644de286e58fbffd3d3e8df2571-2712921099025406855.jpg'
90, 'https://cdn.chotot.com/nRMKTXHfa4nPNP34jWNP7QGrQBRukZaA1at29xOakSQ/preset:view/plain/eaa708f12f010b39b65a20a227fe2fa4-2712921098824284647.jpg'
90, 'https://cdn.chotot.com/XfgF4mda4rX8_W2PUx5pZpOcvSup12XeL4uBkI6nyYI/preset:view/plain/ec079d575e422b588f9081fa1f7238ff-2712921098863567470.jpg'
90, 'https://cdn.chotot.com/nNS7FrqwBhfxP0pWKZT3sgBrhSWgzxNd8TauISqAvNc/preset:property_project_default/plain/2091_surrounding_7.jpg'
90, 'https://cdn.chotot.com/6qTbjFMgMQd1Hdxqo_wHRO3Tmvlk42DaFQt4ZbVSwNY/preset:property_project_default/plain/2091_overview_1.jpg'
91,UNKNOW
92,'https://cdn.chotot.com/mJPMqOrWpic5OKAJ1OMoG3HwAIBDlKoCuWp1GkfoFl0/preset:view/plain/e121956de7c3bc395be0027bdf06c1c9-2703505647587252731.jpg'
92, 'https://cdn.chotot.com/8r9ZTUwqp5HRAO-ToYdetVOI65sa4Saj4jHgIFoaV-U/preset:view/plain/92f08437a9922c210069528c22a05d03-2703505649656192613.jpg'
92, 'https://cdn.chotot.com/-RLzgWTxorp2pvSSMSMICP3sNCSgSbggctf0G36rXzI/preset:view/plain/d1622863dde6b4a74ee732928c194a5c-2703505647112093562.jpg'
92, 'https://cdn.chotot.com/C1xi7jSE5G1urYbk1n5rTE_JmyaH08yYIbchBONEE3s/preset:view/plain/6988f099ce77cd6e51816bed29b98460-2703505649495174190.jpg'
93,'https://cdn.chotot.com/DuMLZMC2JHoWss_jv6Lcj27WxTW2H0wHI3hfnoztZlM/preset:view/plain/22f736eee692d6dc0ab065fdd8fad557-2711465067096883308.jpg'
93, 'https://cdn.chotot.com/LQjgIglSKCS839ppA1I8ZuQkNIyUY-mZxYkuhX7gajY/preset:view/plain/c6f042e72c4e9d64f15c5305c8fefa11-2711465067216166646.jpg'
93, 'https://cdn.chotot.com/EGWfLB-BxLt9ykit-5tTRpFShMBjtQVepa4uJ7B7mdg/preset:view/plain/4870dec6e6ef5bd7f40322388bc5b8c1-2711465067161670033.jpg'
93, 'https://cdn.chotot.com/HF2_jmHhCVO8YGQr0O6qO4vx7bxLrrByt8DIala4_PY/preset:view/plain/3857b808f59baa4ccf674812d04a2f61-2711465067195944073.jpg'
93, 'https://cdn.chotot.com/4FIFhS-DVfmfwHj4k_lim-aXXXmQYFeQFB9K1nAQACU/preset:view/plain/51a2684d79ba7b0fc91b1a51ca8a19c8-2711465067102126494.jpg'
94,'https://cdn.chotot.com/G5UsBhfrATyVD1TEIyFmbzhySVQbY_Qbos9lFseleBs/preset:view/plain/db50a6be60cd85cf5cfc4b9c123bc715-2710422122542778370.jpg'
94, 'https://cdn.chotot.com/NqDqJYnE3vtabxy_Vf7_QKTJGf04vTC44VGN_-2itQM/preset:view/plain/774b201effcd7d8b84163bf5be17d272-2710422123499145218.jpg'
94, 'https://cdn.chotot.com/9fjSGDfm5HZTNqV2PCatXv6-LhfnVgJ6hWiaQBLOonI/preset:view/plain/00b878198514405b28fb181f968919df-2710422124450420473.jpg'
94, 'https://cdn.chotot.com/DeByfkGWdFCoHkNBI80MppvL2smfToihZ4JhQMMKN3E/preset:view/plain/bcedf258669b1f31336caf5f3cea85d8-2710422125588433337.jpg'
95,'https://cdn.chotot.com/S_JNPoc651oqg_LxT9fX1owkDE8XYgL_oGtvHEHZkdE/preset:view/plain/1c07a38da3b3a3e3a2def5d375d99267-2712919770652447939.jpg'
95, 'https://cdn.chotot.com/DwE5szO53QQ4kxH5q9z-5XbNs70BnlI7SgvzBITbrpY/preset:view/plain/28a8c6cf7853929c7e20f8cbb9a4c54c-2712919770723114749.jpg'
95, 'https://cdn.chotot.com/0k7e6tm-hNfyfxOgbo-gtIHHmDIB9MVPCcdLnfV0EKo/preset:view/plain/75414dcff272e36a94acf62d902cafb1-2712919770775170612.jpg'
95, 'https://cdn.chotot.com/sMwDv6MLNDw1Doz8LiURoYxN01v6u8fj8jtpLDrHHGw/preset:view/plain/077f39b99f385e0ef759efd8a8c90476-2712919770749241236.jpg'
96,'https://cdn.chotot.com/8jjQMJdFVWVhJrxhuCRIFgC4EfZ4vqialb31i8zLBNg/preset:view/plain/0f2c5218dfa04029f28cd478cf842119-2712918177610557496.jpg'
96, 'https://cdn.chotot.com/kPmmAekaQug2K4XHm61edmDpyUtvUjhl8aD2tQGOnXI/preset:view/plain/10e133ee0d04c793510bf9bd69211cd6-2712918177628148909.jpg'
96, 'https://cdn.chotot.com/LruRKd3JTBxClaqeGnvM31YHR01QLr99-ZlS2fidjS8/preset:view/plain/db2f30362872171b31f4534b8facb55c-2712918179134613634.jpg'
96, 'https://cdn.chotot.com/uqSJPQEYSjtKwXy8RvcAi_29sdaOG__yN_eiZGhlhGA/preset:view/plain/618b3623693d1ab78998a98df3469d0b-2712918179118128649.jpg'
96, 'https://cdn.chotot.com/GHkdr0sKdn5rQ9mkaAbl-B6t0_myDdU947S7OYqpFXo/preset:view/plain/37cc0b62144ef7086e5f202bbbcd1ef4-2712918180748882341.jpg'
96, 'https://cdn.chotot.com/hljZ8DuIHNTBuRWBabZFDljE57AaaESfagHzAelSClI/preset:view/plain/58d3f672f97ea4566210c373974a24c9-2712918180661266533.jpg'
96, 'https://cdn.chotot.com/--jAXeRbxW8kMq7EcygGzntb1ZDOVT4L1pylQNdlW6s/preset:view/plain/f4ad6c008f86b248ba7f1ed968fb1a22-2712918182385069889.jpg'
96, 'https://cdn.chotot.com/SCAGZsYdHRreyjh28ohrECFsC9ewCxAMAXW6MSXQmzc/preset:view/plain/0c30d711a59fed7fea71cc8636f3ab23-2712918182241265720.jpg'
97,'https://cdn.chotot.com/f6ut6mpnAUe6mR1C96L-KMy7uiqyf2N5YBsP8HpusMk/preset:view/plain/ab36086bed46cb6eda9e72e03f6b33a8-2712920205760555064.jpg'
97, 'https://cdn.chotot.com/qR9eNZvIQT7e1gYjulh3qLuuPq4Vp-vE-V2VhNMlF7k/preset:view/plain/776b0dc3c4bf2b84f9d2ff835bfafce2-2712920205773824622.jpg'
97, 'https://cdn.chotot.com/1aDQOw_-FtlI0FTgPEvMXlCvHP1x7UukJ6vXEX2ZU-I/preset:view/plain/bf766dead10f89089b262dc22ca923ad-2712920205772635532.jpg'
98,'https://cdn.chotot.com/n_up3wUfKNXLiUj2yvBFxbsoRvyNic74Z2zEuPcl_5I/preset:property_project_default/plain/4544_overview_3.jpg'
98, 'https://cdn.chotot.com/ODi-ZmM8-GgcW0TKymBPRl9LyQOAgR40SukW0AgqfzQ/preset:property_project_default/plain/4544_floor_plan_unit_17.jpg'
98, 'https://cdn.chotot.com/ronUEAiBQGedKPvMmnjEtjicMQGWx4a7u8W4ONCV88s/preset:property_project_default/plain/4544_facilities_4.jpg'
99,'https://cdn.chotot.com/fIr12RGd37wbmwVWA_P-ZwNCQiVcH30mezyuYy9OP2M/preset:view/plain/56809813ed3232dbe7dcc1c7e680fa2a-2712156175036075725.jpg'
99, 'https://cdn.chotot.com/5unXF3hL-UxA7lbK8z2v21VcrDJxI8F5DFMA1YhGBcA/preset:view/plain/1cb7f5ee4c8113cd12b065ed16ca0640-2712156176654236763.jpg'
99, 'https://cdn.chotot.com/3KwpdlKEOZUWqMXvLjDJ-7mvdC0pPedJ6Fdj2SVq4N8/preset:view/plain/217e4f1b54c06fd5c089409e5c89babf-2712156174950687390.jpg'
99, 'https://cdn.chotot.com/UkbklYzvoQec0PpQCodAsKLr6INIox6BQl1D23WXO5k/preset:view/plain/ada073486c555aa7345c49417cd24e5e-2712156175404803972.jpg'
100,'https://cdn.chotot.com/UsZtkuNx00v2iuM2PSH6OPBtZ9sDEG8yD9DVrsxE1YI/preset:view/plain/07e39b65793d1b577e1bfcbce231d64b-2711559023703306568.jpg'
100, 'https://cdn.chotot.com/z1vJx3dl3E47vWI0nXR-AIWo1g-yqoZOsWTlaw7n2D4/preset:view/plain/977d4b5f71413ba63a851eae78195c23-2711559023611122484.jpg'
100, 'https://cdn.chotot.com/6X13j1elSMTm3bD8ihW4ivdrdl3cTPNUvarJ15DU9H0/preset:view/plain/9c3f441a84fb05d7db5a91926e22b471-2711559023599196900.jpg'
100, 'https://cdn.chotot.com/jIFSVI55B-dtBV8o7MSlW2zHx_yrxPbBSvBpoQqZCL0/preset:view/plain/b437684a768405018a002356d8f288f6-2711559024785593140.jpg'
